Rk,Player,Tm,Pos,Shift,GP,TOI,CF% Rel,GF/60,GA/60,TOI,CF% Rel,GF/60,GA/60,TOI,CF% Rel,GF/60,GA/60,-9999
1,A.J. Greer,FLA,LW,0:32,78,11:44,3.9,3.3,2.4,0:07,-13.9,6.4,0.0,0:34,-7.5,0.0,9.5,greeraj01
2,Aaron Ekblad,FLA,D,0:43,72,17:28,0.3,3.1,3.3,2:09,-5.7,5.8,0.4,2:50,-9.9,0.0,7.9,ekblaaa01
3,Aatu Räty,VAN,C,0:23,66,11:01,0.6,1.8,2.2,0:07,12.0,0.0,0.0,0:52,4.1,1.0,6.2,ratyaa01
4,Abram Wiebe,CGY,D,0:42,4,12:01,-2.2,1.2,1.2,0:00,,,,0:00,,0.0,0.0,wiebeab01
5,Adam Boqvist,NYI,D,0:51,28,12:32,-9.0,1.5,2.9,0:26,-4.9,9.8,4.9,0:07,68.2,0.0,0.0,boqviad01
6,Adam Edstrom,NYR,C,0:56,35,9:23,-2.2,2.2,2.0,0:00,,0.0,0.0,0:03,-7.0,0.0,0.0,edstrad01
7,Adam Engstrom,MTL,D,0:38,15,12:43,2.8,2.8,2.2,0:13,8.8,0.0,0.0,0:05,-11.0,0.0,0.0,engstad01
8,Adam Erne,DAL,LW,0:33,45,9:56,-3.1,1.9,1.7,0:01,10.1,0.0,0.0,0:02,-9.7,0.0,0.0,ernead01
9,Adam Fantilli,CBJ,C,0:46,82,16:09,2.4,2.9,3.4,2:36,-2.1,7.6,1.1,0:08,10.9,0.0,15.7,fantiad01
10,Adam Fox,NYR,D,0:42,55,19:32,10.5,3.1,2.7,3:18,3.8,11.2,1.0,0:46,4.4,1.4,7.0,foxad01
11,Adam Gaudette,SJS,C,0:34,66,10:28,-3.0,2.4,3.2,0:59,-4.7,6.4,0.0,0:00,42.0,0.0,0.0,gaudead01
12,Adam Ginning,PHI,D,0:35,5,13:33,-14.5,1.8,1.8,0:00,,0.0,0.0,1:46,-15.9,0.0,6.8,ginniad01
13,Adam Henrique,EDM,C,0:42,65,10:58,-3.3,1.5,2.6,0:36,2.7,6.1,1.5,1:39,-6.1,1.1,6.7,henriad01
14,Adam Klapka,CGY,F,0:54,79,10:12,-1.6,1.9,2.8,0:25,-5.1,5.3,0.0,0:00,,0.0,0.0,klapkad01
15,Adam Larsson,SEA,D,0:45,82,18:46,-1.7,2.5,2.6,0:03,-5.1,0.0,0.0,2:32,-2.0,0.3,11.5,larssad01
16,Adam Lowry,WPG,LW,0:37,70,13:06,1.3,2.1,2.6,0:04,-1.4,0.0,0.0,1:46,0.5,1.0,11.1,lowryad01
17,Adam Pelech,NYI,D,0:40,82,18:15,4.8,2.1,2.2,0:08,-12.9,0.0,0.0,2:28,-1.8,1.8,8.9,pelecad01
18,Adam Sykora,NYR,LW,0:46,11,11:01,-5.4,2.5,2.5,0:06,9.6,0.0,0.0,0:02,,0.0,0.0,sykorad01
19,Adam Wilsby,NSH,D,0:56,58,15:57,2.0,2.4,2.4,0:01,-37.0,0.0,0.0,1:01,-7.5,2.0,7.1,wilsbad01
20,Adrian Kempe,LAK,LW,0:48,81,15:41,0.6,3.4,2.5,3:04,4.6,6.3,1.2,0:32,7.4,1.4,12.3,kempead01
21,Albert Johansson,DET,D,0:41,82,14:23,-4.5,1.8,2.8,0:12,3.1,0.0,0.0,1:21,0.7,1.1,10.3,johanal01
22,Alec Regula,EDM,D,0:43,29,13:38,-5.4,1.4,3.8,0:00,10.0,0.0,0.0,0:49,8.6,0.0,12.6,regulal01
23,Aleksanteri Kaskimaki,STL,C,0:35,5,9:51,-3.4,1.2,8.5,0:26,11.5,0.0,0.0,0:05,-9.4,0.0,0.0,kaskial01
24,Alex Barré-Boulet,COL,F,0:27,2,6:57,14.4,0.0,0.0,1:27,-0.5,0.0,0.0,0:00,,,,barreal01
25,Alex Bump,PHI,LW,0:43,17,11:40,-3.8,2.7,1.8,0:56,0.9,0.0,0.0,0:01,,0.0,0.0,bumpal01
26,Alex DeBrincat,DET,RW,0:56,82,15:08,4.8,3.8,3.3,3:19,3.4,9.7,0.7,0:02,-8.8,0.0,0.0,debrial01
27,Alex Iafallo,WPG,C,0:52,79,13:15,0.5,2.8,2.6,1:12,-0.2,3.8,0.0,1:07,-5.1,0.7,6.7,iafalal01
28,Alex Killorn,ANA,C/LW,0:42,82,12:56,0.0,2.8,2.8,1:28,-1.4,6.0,1.0,2:17,0.9,0.3,9.6,killoal01
29,Alex Laferriere,LAK,RW,0:42,82,14:57,1.3,2.5,2.3,1:41,-6.9,4.3,1.3,1:39,4.7,0.9,8.4,laferal01
30,Alex Newhook,MTL,C,0:32,42,12:30,-5.1,3.8,2.9,1:01,-8.4,5.6,0.0,0:56,-6.3,1.5,9.0,newhoal01
31,Alex Ovechkin,WSH,LW,0:53,82,12:56,2.6,3.6,3.2,4:29,-8.1,6.7,1.8,0:01,73.1,0.0,0.0,ovechal01
32,Alex Steeves,BOS,F,0:38,43,10:33,1.6,2.9,2.2,0:52,5.8,9.5,0.0,0:29,2.0,2.8,11.3,steeval02
33,Alex Tuch,BUF,RW,0:39,79,14:53,2.0,4.1,3.1,1:40,1.2,5.5,0.9,2:25,1.2,2.2,8.1,tuchal01
34,Alex Turcotte,LAK,C,0:37,62,10:30,3.2,1.9,2.7,0:18,9.1,0.0,0.0,0:00,-14.6,0.0,0.0,turcoal02
35,Alex Vlasic,CHI,D,0:42,81,18:12,-1.9,2.2,3.1,0:04,-20.2,0.0,0.0,2:51,-3.8,1.0,6.5,vlasial01
36,Alexander Holtz,VEG,RW,0:33,28,10:58,-5.8,2.7,2.9,0:26,-15.7,0.0,0.0,0:03,-10.9,0.0,41.9,holtzal01
37,Alexander Kerfoot,UTA,C,0:38,34,10:52,-1.8,2.8,3.1,0:23,8.2,4.5,0.0,1:31,-3.8,2.3,10.4,kerfoal01
38,Alexander Nikishin,CAR,D,0:48,81,15:39,-1.8,3.0,2.2,1:26,-3.6,12.8,0.5,1:05,-1.7,2.1,4.1,nikisal01
39,Alexander Petrovic,DAL,D,0:44,54,14:52,-3.5,2.6,2.5,0:00,,0.0,0.0,0:27,10.8,0.0,0.0,petroal01
40,Alexander Romanov,NYI,D,0:47,15,17:16,-9.4,1.9,3.7,0:05,13.8,0.0,0.0,2:04,5.1,1.9,0.0,romanal01
41,Alexander Wennberg,SJS,C,0:42,80,14:57,1.7,2.8,3.8,3:20,-2.4,7.6,1.6,2:08,-2.9,0.3,8.7,wennbal01
42,Alexandre Carrier,MTL,D,0:45,73,16:02,-2.8,3.1,3.1,0:01,-9.4,0.0,0.0,3:00,-8.1,0.3,10.6,carrial01
43,Alexandre Texier,TOT,C,0:48,51,12:26,5.1,2.8,1.8,0:58,-7.3,2.6,1.3,0:13,2.7,5.3,0.0,texieal01
44,Alexey Toropchenko,STL,RW,0:48,65,10:19,-8.9,1.5,2.7,0:01,15.3,0.0,0.0,1:38,-1.2,1.1,9.0,toropal01
45,Alexis Lafrenière,NYR,LW,0:40,82,15:09,5.9,3.0,3.1,2:25,-4.0,10.0,1.8,0:01,-9.9,0.0,0.0,lafreal01
46,Aliaksei Protas,WSH,C,0:45,76,15:49,4.9,3.9,3.0,0:28,7.4,3.3,1.6,1:55,7.6,1.2,7.8,protaal01
47,Anders Lee,NYI,LW,0:49,82,13:52,3.6,3.2,3.0,1:45,-7.0,5.4,2.1,0:00,,0.0,0.0,leean01
48,André Burakovsky,CHI,LW,0:42,75,14:11,0.6,2.4,4.1,2:12,-2.9,6.9,1.1,0:00,-10.6,0.0,0.0,burakan01
49,Andre Lee,LAK,LW,0:44,7,10:16,0.3,1.7,3.3,0:01,,0.0,0.0,0:00,,,,leean02
50,Andreas Englund,NSH,D,0:43,3,8:48,14.5,0.0,2.3,0:00,,,,0:01,,0.0,0.0,engluan01
51,Andrei Kuzmenko,LAK,F,0:44,52,11:55,1.4,2.3,2.6,2:59,6.2,7.3,0.4,0:00,,,,kuzmean01
52,Andrei Svechnikov,CAR,RW,0:53,79,14:00,1.3,3.2,3.1,2:58,3.5,11.5,0.3,0:00,-20.6,0.0,0.0,svechan01
53,Andrew Agozzino,UTA,LW,0:39,2,6:08,-22.1,0.0,0.0,0:00,,,,0:00,,,,agozzan01
54,Andrew Copp,DET,C,0:40,79,13:46,2.6,3.1,2.9,1:21,-2.0,7.3,0.6,1:27,-0.5,0.0,8.4,coppan01
55,Andrew Mangiapane,TOT,LW,0:32,62,12:01,-0.7,2.0,3.1,0:09,,0.0,0.0,0:18,,0.0,0.0,mangian01
56,Andrew Peeke,BOS,D,0:48,77,16:58,-2.4,1.9,2.5,0:02,13.8,0.0,0.0,2:22,-1.2,0.3,9.5,peekean01
57,Angus Booth,LAK,D,0:33,1,12:18,-10.8,4.9,0.0,0:00,,,,0:00,,,,boothan01
58,Angus Crookshank,NJD,LW,0:40,8,8:36,-13.3,1.7,0.9,0:00,,,,0:00,-8.3,,,crookan01
59,Anthony Beauvillier,WSH,LW,0:47,82,14:06,-1.1,2.9,2.5,0:30,-3.6,2.8,2.8,1:10,-1.1,1.2,5.6,beauvan01
60,Anthony Cirelli,TBL,C,0:37,71,13:27,4.0,4.8,2.6,1:13,-0.6,6.2,0.0,2:37,-4.5,1.3,5.5,cirelan01
61,Anthony Duclair,NYI,LW,0:47,62,11:56,-5.2,2.4,2.3,1:15,0.3,9.2,1.5,0:00,,0.0,0.0,duclaan01
62,Anthony Mantha,PIT,RW,0:44,81,12:52,-0.9,4.0,3.3,2:18,2.6,8.4,1.0,0:00,-12.6,0.0,0.0,manthan01
63,Anthony Richard,PHI,C,0:38,1,7:08,2.3,0.0,0.0,0:00,,,,0:00,,,,richaan01
64,Anton Blidh,NYR,LW,0:33,4,7:42,-8.8,1.9,0.0,0:00,,,,0:00,,,,blidhan01
65,Anton Frondell,CHI,C,0:55,12,14:09,-0.1,3.9,4.2,3:32,13.3,4.2,0.0,0:00,,,,frondan01
66,Anton Lundell,FLA,C,0:32,64,14:21,0.1,2.9,3.6,2:40,-2.1,8.7,1.0,2:07,7.5,2.2,7.5,lundean01
67,Anže Kopitar,LAK,C,0:45,67,15:24,1.4,3.3,2.0,2:56,5.6,5.2,0.9,0:45,-12.2,1.2,17.5,kopitan01
68,Arber Xhekaj,MTL,D,0:48,65,11:06,-1.7,1.9,2.7,0:00,,0.0,0.0,0:18,4.3,3.0,11.9,xhekaar01
69,Arseny Gritsyuk,NJD,RW,0:33,66,14:07,9.4,2.8,2.9,1:02,4.9,8.7,0.9,0:00,-13.3,0.0,0.0,gritsar01
70,Arshdeep Bains,VAN,F,0:47,28,8:45,-0.9,1.5,2.0,0:16,-0.1,16.0,8.0,0:10,-14.5,0.0,12.5,bainsar01
71,Artem Zub,OTT,D,0:40,81,17:51,-3.7,3.0,2.2,0:06,-18.7,0.0,0.0,2:49,-7.6,0.8,9.4,zubar01
72,Artemi Panarin,TOT,LW,0:57,78,17:28,5.7,4.1,2.7,3:22,-1.5,6.8,0.8,0:00,,0.0,0.0,panarar01
73,Arthur Kaliyev,OTT,RW,0:39,2,9:27,2.2,0.0,0.0,1:09,16.7,51.8,0.0,0:00,,,,kaliyar01
74,Arttu Hyry,DAL,F,0:27,20,9:39,-5.7,2.2,2.2,0:02,,0.0,0.0,2:04,-1.0,1.4,8.7,hyryar01
75,Artturi Lehkonen,COL,LW,0:52,70,14:59,-2.0,4.3,2.2,2:20,-3.1,4.4,1.8,1:09,2.3,0.0,2.2,lehkoar01
76,Artyom Levshunov,CHI,D,0:31,68,16:19,-0.1,2.0,4.1,2:44,-0.8,6.8,1.0,0:31,0.8,0.0,8.5,levshar01
77,Auston Matthews,TOR,C,0:37,60,16:52,1.5,3.8,3.7,2:46,-2.7,7.6,1.8,1:10,-0.5,0.0,8.6,matthau01
78,Avery Hayes,PIT,F,0:43,16,10:59,-5.3,2.4,3.4,0:08,-38.8,0.0,27.1,0:02,,0.0,0.0,hayesav01
79,Axel Sandin Pellikka,DET,D,0:47,68,14:11,1.2,2.1,3.2,1:44,-0.5,5.6,0.5,0:17,2.3,0.0,9.2,sandiax01
80,Aydar Suniev,CGY,LW,0:42,6,10:05,1.7,2.0,2.0,1:32,-8.4,0.0,0.0,0:00,,,,sunieay01
81,Barclay Goodrow,SJS,RW,0:38,82,9:22,-6.9,1.5,2.9,0:03,-12.6,0.0,0.0,1:55,0.0,0.0,9.9,goodrba01
82,Barrett Hayton,UTA,C,0:47,67,12:54,1.2,2.8,2.4,2:01,6.9,5.8,0.9,0:11,-6.9,0.0,9.6,haytoba01
83,Beck Malenstyn,BUF,LW,0:35,81,9:25,-4.0,2.0,2.1,0:00,-38.4,0.0,0.0,1:47,-4.0,0.8,4.1,malenbe01
84,Beckett Sennecke,ANA,F,0:43,82,15:03,-0.1,3.2,3.5,2:20,-8.0,6.5,1.9,0:02,36.2,19.4,0.0,sennebe01
85,Ben Chiarot,DET,D,0:38,82,18:56,-4.6,2.5,2.9,0:06,11.0,0.0,0.0,1:47,-0.4,0.4,9.0,chiarbe01
86,Ben Hutton,VEG,D,0:28,55,14:19,0.0,3.0,2.8,0:14,-5.0,0.0,0.0,0:01,-11.9,0.0,0.0,huttobe01
87,Ben Jones,MIN,F,0:46,28,8:30,-8.9,1.0,3.5,0:03,10.3,34.0,0.0,0:15,0.6,0.0,8.2,jonesbe01
88,Ben Meyers,SEA,F,0:36,52,10:16,2.0,2.5,3.8,0:03,-13.4,0.0,0.0,1:36,-1.3,0.0,7.9,meyerbe01
89,Benjamin Kindel,PIT,C,0:46,77,12:35,3.4,2.5,2.7,1:49,-1.5,8.5,1.7,0:38,1.1,2.4,6.1,kindebe01
90,Benoit-Olivier Groulx,TOR,C,0:43,13,12:25,-9.0,3.3,2.6,0:20,14.0,0.0,0.0,2:56,-4.2,3.1,3.1,groulbe01
91,Berkly Catton,SEA,F,0:37,66,12:04,2.0,2.2,2.8,0:51,-2.7,5.3,0.0,0:00,,0.0,0.0,cattobe01
92,Blake Coleman,CGY,C,0:38,69,13:53,3.8,3.2,2.6,1:17,4.6,4.1,1.4,2:09,4.1,1.6,8.9,colembl01
93,Blake Lizotte,PIT,C,0:33,55,11:19,0.6,2.7,2.2,0:03,15.4,0.0,0.0,2:29,0.7,0.4,3.9,lizotbl01
94,Bo Horvat,NYI,C,0:48,68,15:13,5.0,3.6,3.1,3:34,7.6,6.2,0.7,1:57,-1.6,0.4,8.1,horvabo01
95,Bobby Brink,TOT,RW,0:34,68,13:10,-1.9,2.2,2.9,1:57,-6.9,8.4,0.0,0:01,,,,brinkbo01
96,Bobby McMann,TOT,F,1:00,78,14:46,0.5,3.3,3.3,0:58,-18.9,4.2,0.0,0:11,23.5,0.0,81.8,mcmanbo02
97,Bogdan Trineyev,WSH,RW,0:40,2,10:17,12.6,0.0,0.0,0:14,-37.1,0.0,0.0,0:00,,,,trinebo01
98,Bokondji Imama,PIT,LW,0:50,2,7:38,12.7,0.0,0.0,0:00,,,,0:00,,,,imamabo01
99,Boone Jenner,CBJ,C,0:47,67,13:49,0.2,3.0,2.7,0:48,2.7,3.3,2.2,1:26,-0.8,0.6,7.4,jennebo01
100,Boris Katchouk,TBL,LW,0:44,3,10:32,2.1,1.9,1.9,0:00,,,,1:39,38.9,0.0,0.0,katchbo01
101,Bowen Byram,BUF,D,0:44,82,19:07,0.4,3.4,3.0,1:35,0.5,5.5,0.0,1:37,1.3,2.3,5.4,byrambo01
102,Brad Lambert,WPG,C,0:59,25,9:25,-2.5,1.5,2.8,1:22,2.6,3.5,0.0,0:00,,0.0,0.0,lambebr01
103,Brad Marchand,FLA,LW,0:46,52,12:59,-1.6,3.9,4.9,3:42,1.8,9.3,1.6,1:01,9.7,0.0,4.5,marchbr03
104,Braden Schneider,NYR,D,0:47,82,17:39,-5.1,2.4,2.7,0:22,-11.2,5.9,0.0,2:25,-0.6,0.3,7.0,schnebr01
105,Bradly Nadeau,CAR,LW,0:38,12,11:33,-0.4,2.2,1.7,1:10,7.3,4.3,0.0,0:14,13.5,0.0,0.0,nadeabr01
106,Brady Martin,NSH,C,0:46,3,9:54,-10.0,4.0,4.0,1:31,7.4,0.0,0.0,0:00,,,,martibr02
107,Brady Skjei,NSH,D,0:56,82,18:37,-4.0,2.8,3.3,1:07,-0.9,5.9,0.0,2:51,-2.9,1.0,7.4,skjeibr01
108,Brady Tkachuk,OTT,LW,0:52,60,13:36,6.8,3.5,3.2,3:16,3.0,10.1,0.3,0:04,11.9,13.6,13.6,tkachbr01
109,Braeden Bowman,VEG,F,0:53,54,12:49,-2.4,2.9,4.2,1:17,-6.4,6.0,0.9,0:00,-10.7,0.0,0.0,bowmabr01
110,Braeden Cootes,VAN,C,0:26,3,9:38,-22.4,0.0,4.1,1:08,33.3,0.0,0.0,0:00,,,,cootebr01
111,Brandon Carlo,TOR,D,0:38,55,16:29,-2.2,3.2,3.1,0:01,12.2,0.0,0.0,2:51,3.9,1.1,6.9,carlobr01
112,Brandon Duhaime,WSH,RW,0:36,82,9:54,-5.1,1.5,1.7,0:03,-3.6,0.0,0.0,1:06,-6.1,0.7,10.6,duhaibr01
113,Brandon Hagel,TBL,LW,0:44,71,15:20,6.8,4.6,2.8,2:11,1.3,8.1,0.4,2:14,1.9,0.8,5.3,hagelbr01
114,Brandon Montour,SEA,D,0:53,64,20:15,2.9,2.1,3.1,1:54,-3.1,5.9,0.5,0:22,6.9,2.5,9.9,montobr01
115,Brandon Saad,VEG,LW,0:32,49,12:27,0.2,1.8,2.5,0:02,-39.7,0.0,0.0,0:53,-0.6,0.0,6.9,saadbr01
116,Brandon Tanev,UTA,LW,0:38,56,9:11,-6.7,1.0,2.8,0:00,,0.0,0.0,0:09,5.3,0.0,6.8,tanevbr01
117,Brandt Clarke,LAK,D,0:44,82,17:28,4.2,2.9,2.3,2:17,-7.2,6.7,1.0,0:01,36.4,0.0,0.0,clarkbr02
118,Brayden McNabb,VEG,D,0:41,63,18:01,-1.5,2.6,2.6,0:05,3.3,0.0,0.0,2:24,2.5,0.8,7.1,mcnabbr01
119,Brayden Pachal,CGY,D,0:39,39,13:07,0.4,2.3,2.6,0:00,,0.0,0.0,0:44,1.2,2.1,6.2,pachabr01
120,Brayden Point,TBL,C,0:49,63,14:26,1.0,4.2,3.1,3:47,4.5,7.8,1.3,0:01,89.4,0.0,0.0,pointbr01
121,Brayden Schenn,TOT,C,0:46,80,14:28,-3.6,3.2,4.1,2:11,4.3,8.2,1.0,0:05,,0.0,0.0,schenbr01
122,Brayden Yager,WPG,C,0:30,3,9:10,-0.3,2.2,2.2,0:00,,,,1:49,37.9,0.0,11.0,yagerbr01
123,Brendan Brisson,NYR,C,0:45,3,9:40,-1.2,2.1,4.1,0:55,28.6,0.0,0.0,0:00,,,,brissbr01
124,Brendan Gallagher,MTL,RW,0:36,77,10:59,1.9,2.6,2.5,1:21,-3.1,4.6,1.1,0:00,,0.0,0.0,gallabr01
125,Brendan Gaunce,CBJ,C,0:32,25,10:09,-1.6,2.1,2.8,0:03,11.6,0.0,0.0,1:41,6.9,2.8,8.5,gauncbr01
126,Brendan Smith,CBJ,D,0:45,15,10:24,-6.7,1.9,2.3,0:00,,,,0:40,3.6,0.0,6.0,smithbr05
127,Brenden Dillon,NJD,D,0:39,82,15:41,-2.7,2.3,3.1,0:01,-15.2,0.0,0.0,2:17,-8.3,1.0,8.3,dillobr01
128,Brennan Othmann,TOT,LW,0:40,19,9:42,-0.7,2.8,14.0,0:16,10.0,85.7,0.0,0:01,,,,othmabr01
129,Brent Burns,COL,D/RW,0:44,82,15:58,-1.5,3.8,2.2,0:40,-7.9,2.2,3.2,2:12,-0.3,0.3,5.0,burnsbr01
130,Brett Berard,NYR,LW,0:39,13,10:32,-4.6,0.9,1.3,0:00,,0.0,0.0,0:00,,,,berarbr02
131,Brett Howden,VEG,C,0:40,58,13:12,-3.4,2.4,3.1,0:38,-0.8,6.4,0.0,1:01,-2.7,0.0,6.0,howdebr01
132,Brett Kulak,TOT,D,0:42,83,17:29,-8.8,1.4,1.3,0:07,,0.0,0.0,1:20,5.9,0.0,2.9,kulakbr01
133,Brett Leason,WSH,RW,0:46,6,8:15,9.5,0.0,2.4,0:19,22.7,0.0,0.0,0:00,,,,leasobr01
134,Brett Pesce,NJD,D,0:45,37,17:42,-0.9,1.6,2.7,0:05,-23.0,0.0,0.0,2:30,-7.3,0.6,3.2,pescebr01
135,Brian Dumoulin,LAK,D,0:52,82,16:17,-1.3,1.8,2.0,0:06,5.9,0.0,0.0,1:20,7.1,2.2,4.4,dumoubr01
136,Brian Halonen,NJD,F,0:42,15,7:36,-9.0,1.6,2.1,0:00,,0.0,0.0,0:00,,,,halonbr01
137,Brock Boeser,VAN,RW,0:57,75,14:50,-2.4,2.1,4.5,3:17,1.0,9.7,1.0,0:54,-1.1,0.9,8.8,boesebr01
138,Brock Faber,MIN,D,0:39,80,21:12,2.8,3.4,2.9,1:04,-9.9,9.1,1.4,2:23,3.6,1.9,7.5,faberbr01
139,Brock Nelson,COL,C,0:51,81,14:31,0.8,3.8,2.7,3:16,-2.7,7.7,2.0,1:51,-2.0,0.4,4.0,nelsobr01
140,Bryan Rust,PIT,RW,0:47,72,14:59,-1.7,4.0,3.8,3:21,11.6,9.9,1.5,1:35,3.0,1.6,6.8,rustbr01
141,Cale Fleury,SEA,D,0:45,23,15:22,-0.8,2.2,2.0,0:14,2.3,10.9,0.0,0:40,5.1,0.0,7.7,fleurca01
142,Cale Makar,COL,D,0:53,75,18:43,-2.8,4.1,2.4,4:10,7.4,7.9,1.7,1:57,4.4,0.4,5.3,makarca01
143,Caleb Jones,PIT,D,0:42,7,15:29,-4.1,2.2,1.7,0:12,17.0,0.0,0.0,1:28,10.1,0.0,5.8,jonesca01
144,Calle Järnkrok,TOR,C,0:37,56,9:25,-4.6,1.5,3.4,0:14,1.0,0.0,0.0,2:11,-5.3,0.5,6.4,jarnkca01
145,Calum Ritchie,NYI,C,0:48,65,11:24,-2.5,1.9,2.8,2:03,0.7,6.7,0.9,0:00,,,,ritchca01
146,Cam Fowler,STL,D,0:49,82,18:18,1.2,2.6,3.0,1:36,4.8,6.4,0.9,1:10,1.1,0.6,4.4,fowleca01
147,Cameron Crotty,OTT,D,0:40,6,13:32,-4.0,3.0,3.0,0:00,,,,1:22,-0.7,0.0,0.0,crottca01
148,Cameron Hughes,DAL,C,0:53,3,7:19,-11.5,5.5,0.0,0:00,,,,0:00,,,,hugheca01
149,Cameron York,PHI,D,0:38,74,18:07,-2.6,2.9,2.8,1:39,-2.8,6.4,0.5,2:45,-1.1,1.2,9.1,yorkca01
150,Carl Grundström,PHI,RW,0:37,47,11:04,-3.5,2.4,1.8,0:01,,0.0,0.0,0:44,-0.5,3.4,10.3,grundca01
151,Carson Lambos,MIN,D,0:41,1,9:02,17.3,6.6,0.0,0:00,,,,1:14,0.0,0.0,0.0,lamboca01
152,Carson Soucy,TOT,D,0:46,76,14:59,-2.1,1.7,3.1,0:01,14.2,0.0,0.0,1:29,-10.7,0.0,11.6,soucyca01
153,Carter Mazur,DET,LW,0:45,8,10:37,-6.8,1.4,3.5,0:04,,0.0,0.0,0:00,,,,mazurca01
154,Carter Verhaeghe,FLA,C,0:34,77,14:52,4.8,3.3,3.9,2:40,0.4,7.3,0.9,0:03,34.1,0.0,0.0,verhaca01
155,Carter Yakemchuk,OTT,D,0:43,4,12:49,-0.7,2.3,3.5,1:42,17.4,17.6,0.0,0:00,,0.0,0.0,yakemca01
156,Casey Cizikas,NYI,C,0:42,81,10:16,-1.2,1.7,2.2,0:02,12.2,0.0,0.0,1:26,-0.1,1.5,3.6,cizikca01
157,Casey Mittelstadt,BOS,C,1:03,71,13:26,1.2,3.8,3.0,1:42,4.9,5.9,1.0,0:00,-11.6,0.0,0.0,mitteca01
158,Chandler Stephenson,SEA,C,0:44,80,14:52,-7.0,2.3,3.3,2:40,3.5,8.1,1.7,1:49,1.4,0.8,11.9,stephch02
159,Charle-Edouard D'Astous,TBL,D,0:34,70,17:21,-1.1,3.1,3.2,0:57,-3.8,1.8,0.9,0:26,1.7,0.0,7.9,dastoch01
160,Charles-Alexis Legault,CAR,D,0:40,12,13:17,1.4,2.6,0.8,0:00,,,,1:00,7.1,0.0,4.9,legauch01
161,Charlie Coyle,CBJ,C/RW,0:45,82,14:00,-0.6,3.2,3.0,2:01,-2.2,6.9,1.8,2:04,-2.4,1.1,10.9,coylech01
162,Charlie McAvoy,BOS,D,0:52,69,18:30,-0.1,3.9,3.1,3:04,-4.4,11.1,1.7,2:48,-0.9,0.3,8.7,mcavoch01
163,Chris Kreider,ANA,LW,0:45,75,13:14,4.8,3.8,3.9,3:15,3.9,8.1,0.7,0:33,2.3,0.0,7.2,kreidch01
164,Chris Tanev,TOR,D,0:34,11,15:47,-2.4,4.5,1.7,0:02,11.0,0.0,0.0,2:08,-5.6,0.0,5.1,tanevch01
165,Christian Dvorak,PHI,C,0:30,80,14:48,-1.9,3.6,2.9,1:40,-1.3,4.9,2.2,1:58,0.3,0.4,10.3,dvorach01
166,Claude Giroux,OTT,C/LW,0:47,82,12:43,2.4,3.7,2.4,2:10,-0.6,7.7,1.0,1:23,-3.6,0.5,8.9,giroucl01
167,Clayton Keller,UTA,C,0:46,82,15:47,6.2,3.9,2.9,3:17,0.0,8.7,0.7,0:00,-11.0,0.0,0.0,kellecl01
168,Cody Ceci,LAK,D,0:48,82,15:34,-2.1,1.8,2.5,0:00,-26.7,0.0,0.0,1:58,-3.3,1.9,8.2,cecico01
169,Cody Glass,NJD,C,0:37,70,12:31,-0.7,2.7,2.5,0:22,-3.6,6.7,2.2,0:42,1.1,0.0,7.2,glassco01
170,Cole Caufield,MTL,RW,0:56,81,14:48,8.6,4.1,2.6,3:22,4.8,10.1,0.2,0:00,,0.0,0.0,caufico01
171,Cole Hutson,WSH,D,0:37,14,15:13,4.8,2.3,2.8,2:11,-0.8,11.7,1.9,0:02,-9.2,0.0,0.0,hutsoco01
172,Cole Koepke,WPG,LW,0:30,66,8:39,-2.8,2.0,2.0,0:00,,0.0,0.0,1:47,0.2,0.5,7.1,koepkco01
173,Cole McWard,NYI,D,0:58,3,13:44,-14.5,4.4,2.9,0:00,,,,0:00,,,,mcwarco01
174,Cole O'Hara,NSH,RW,0:39,1,11:01,-12.0,5.4,0.0,0:22,,0.0,0.0,0:00,,,,oharaco01
175,Cole Perfetti,WPG,C,0:49,68,13:21,3.7,2.3,2.7,2:15,-4.7,6.2,1.2,0:00,-11.3,0.0,0.0,perfeco01
176,Cole Reinhardt,TOT,LW,0:49,59,10:29,-14.5,3.7,2.5,0:03,,,,0:05,-14.6,0.0,0.0,reinhco01
177,Cole Schwindt,FLA,RW,0:35,29,9:01,-3.6,3.0,2.5,0:13,-25.5,9.1,0.0,0:47,-2.0,0.0,10.4,schwico01
178,Cole Sillinger,CBJ,C,0:37,81,14:08,-1.6,3.0,2.9,0:17,-4.2,5.1,0.0,0:47,2.1,0.0,3.7,sillico01
179,Cole Smith,TOT,F,0:41,63,11:17,-2.4,2.1,3.0,0:01,-39.6,0.0,0.0,1:57,-5.4,0.6,9.5,smithco02
180,Colin Blackwell,DAL,C,0:43,70,9:49,-0.9,2.0,2.3,0:00,12.5,0.0,0.0,2:03,-2.1,0.4,5.4,blackco01
181,Colin Miller,WPG,D,0:40,18,13:21,-2.0,1.2,3.2,0:47,12.2,8.4,0.0,0:07,27.6,0.0,0.0,milleco02
182,Collin Graf,SJS,F,0:50,81,13:29,-3.8,2.9,2.7,0:29,-4.2,4.5,0.0,2:28,-1.8,0.9,5.4,grafco01
183,Colton Dach,TOT,C,0:36,61,10:42,-1.4,1.2,2.5,0:45,1.3,3.9,2.6,0:01,-10.9,0.0,40.9,dachco01
184,Colton Parayko,STL,D,0:54,77,19:30,-2.2,2.3,2.6,0:12,2.7,3.7,0.0,2:28,-5.3,0.6,7.2,parayco01
185,Colton Sissons,VEG,C,0:28,66,10:33,-5.4,1.3,2.2,0:28,-10.0,9.5,0.0,1:27,-2.6,0.0,6.8,sissoco01
186,Colton White,NJD,D,0:38,23,12:09,-3.8,2.1,1.7,0:00,,,,0:05,-8.1,0.0,0.0,whiteco03
187,Connor Bedard,CHI,C,0:39,69,17:21,-0.4,3.2,4.0,3:29,0.6,6.7,0.5,0:01,-11.4,0.0,0.0,bedarco01
188,Connor Brown,NJD,RW,0:54,75,14:12,-1.4,2.9,2.9,1:29,-4.7,8.6,1.6,1:51,-3.2,0.9,6.9,brownco02
189,Connor Clattenburg,EDM,F,0:33,5,7:05,-2.5,1.7,0.0,0:04,3.1,0.0,0.0,0:02,94.6,0.0,0.0,clattco01
190,Connor Clifton,PIT,D,0:39,50,14:41,-1.6,2.5,2.3,0:00,,0.0,0.0,2:03,-1.4,1.2,8.8,cliftco01
191,Connor Dewar,PIT,C,0:33,78,11:12,-0.8,3.3,2.3,0:01,-5.2,0.0,0.0,2:41,-2.5,0.6,6.0,dewarco01
192,Connor Mackey,NYR,D,0:40,3,12:34,5.5,0.0,4.8,0:00,,,,0:13,-11.4,0.0,0.0,mackeco01
193,Connor McDavid,EDM,C,0:50,82,18:19,7.1,4.2,3.3,3:36,1.1,13.0,1.4,1:03,15.1,2.1,4.8,mcdavco01
194,Connor McMichael,WSH,C,0:44,78,13:14,-2.5,3.5,3.0,1:36,0.5,4.8,1.4,2:02,-0.7,0.4,6.0,mcmicco01
195,Connor Murphy,TOT,D,0:42,80,14:46,-2.2,2.2,2.6,0:01,14.3,0.0,0.0,2:43,-1.6,0.7,5.8,murphco02
196,Connor Zary,CGY,C,0:39,74,12:43,1.0,2.2,2.6,1:38,-0.2,4.4,1.5,0:00,,0.0,0.0,zaryco01
197,Conor Garland,TOT,RW,0:40,71,13:48,0.1,1.9,3.3,2:04,11.8,5.5,0.0,1:18,,0.0,0.0,garlaco01
198,Conor Geekie,TBL,C,0:29,14,9:35,-3.4,2.2,3.6,0:17,-3.2,0.0,0.0,0:00,,,,geekico01
199,Conor Sheary,NYR,LW,0:46,62,12:38,-0.8,1.8,1.9,0:53,-3.9,5.4,0.0,0:33,4.4,3.5,5.2,shearco01
200,Conor Timmins,BUF,D,0:41,39,15:43,-8.6,2.3,3.2,0:00,10.1,0.0,0.0,3:01,-5.5,0.5,7.1,timmico01
201,Corey Perry,TOT,RW,0:37,72,11:20,-0.6,2.7,2.5,2:19,-0.5,9.9,1.3,0:00,-15.9,0.0,327.3,perryco01
202,Curtis Douglas,TOT,C,0:16,43,6:43,-0.5,1.7,1.4,0:00,,0.0,0.0,0:00,,0.0,0.0,douglcu01
203,Curtis Lazar,EDM,C/RW,0:32,45,8:21,-6.9,1.8,2.2,0:00,9.7,0.0,0.0,0:33,-6.6,0.0,14.5,lazarcu01
204,Cutter Gauthier,ANA,LW,0:45,76,14:08,4.5,3.7,3.7,2:48,-1.1,8.7,1.1,0:18,4.7,2.5,7.6,gauthcu01
205,Daemon Hunt,MIN,D,0:32,32,11:17,-11.4,1.7,2.3,0:09,-5.4,0.0,0.0,0:58,-2.3,1.9,13.4,huntda01
206,Dakota Joshua,TOR,C,0:37,55,11:24,-0.5,2.7,3.0,0:15,-1.4,0.0,0.0,0:34,-2.6,0.0,5.7,joshuda01
207,Dakota Mermis,TOR,D,0:31,11,12:23,2.9,1.3,2.6,0:00,,0.0,0.0,0:37,-0.9,0.0,0.0,mermida01
208,Dalibor Dvorsky,STL,C,0:46,71,12:22,0.2,2.2,2.5,1:57,-0.5,6.5,0.4,0:00,,0.0,0.0,dvorsda01
209,Damon Severson,CBJ,D,0:44,71,19:20,5.7,3.2,2.5,1:06,4.6,3.8,0.0,0:36,10.0,1.4,4.1,severda01
210,Daniil Miromanov,CGY,D/RW,0:35,1,17:13,-24.2,7.0,7.0,0:00,,,,0:36,0.0,0.0,0.0,miromda01
211,Danil But,UTA,LW,0:47,29,11:07,2.4,2.2,2.0,1:20,7.1,4.6,0.0,0:00,-8.6,0.0,0.0,butda01
212,Danil Zhilkin,WPG,C,0:33,6,6:46,-20.3,4.4,0.0,0:00,,,,0:48,-3.9,0.0,0.0,zhilkda01
213,Danila Yurov,MIN,RW,0:52,73,12:26,-2.5,2.5,2.9,0:36,-4.1,9.3,1.3,0:14,-5.7,0.0,0.0,yurovda01
214,Dante Fabbro,CBJ,D,0:36,74,14:59,-5.4,1.7,2.6,0:02,11.0,0.0,0.0,1:32,-2.3,0.0,6.9,fabbrda01
215,Danton Heinen,TOT,C/LW,0:36,46,11:01,0.9,3.1,2.1,0:07,,0.0,0.0,0:11,88.2,0.0,0.0,heineda01
216,Darnell Nurse,EDM,D,0:38,82,19:14,-4.2,2.3,2.9,0:14,-1.9,6.2,0.0,1:29,0.3,1.5,10.3,nurseda01
217,Darren Raddysh,TBL,D,0:37,73,18:09,5.3,4.0,2.8,3:44,0.8,9.0,1.1,0:46,11.3,0.0,3.2,raddyda01
218,David Jiříček,TOT,D,0:31,26,11:31,-2.1,2.4,2.4,0:06,9.7,22.6,0.0,0:23,-1.6,0.0,17.6,jiricda01
219,David Kämpf,TOT,C,0:37,40,13:13,0.3,1.4,2.9,0:02,,0.0,0.0,1:27,-3.4,1.0,12.3,kampfda01
220,David Pastrňák,BOS,RW,0:53,77,16:58,-0.2,3.7,3.1,3:38,-4.8,9.8,1.7,0:02,-11.6,0.0,19.5,pastrda01
221,David Perron,TOT,LW,0:35,65,11:40,-5.8,2.1,4.8,1:53,-15.1,2.7,0.0,0:00,,,,perroda01
222,David Reinbacher,MTL,D,0:45,2,13:08,1.9,2.3,2.3,0:00,,,,0:00,,,,reinbda01
223,David Spacek,MIN,D,0:50,2,10:45,-28.6,2.8,5.6,0:00,,,,0:00,,,,spaceda01
224,David Tomasek,EDM,F,0:41,22,8:56,-5.8,1.8,3.1,1:47,-4.8,12.1,3.0,0:01,87.3,0.0,0.0,tomasda01
225,Dawson Mercer,NJD,C,0:41,82,14:58,1.2,2.4,2.7,1:36,0.8,7.3,0.5,1:39,1.6,1.8,8.0,merceda01
226,Declan Carlile,TBL,D,0:36,42,13:39,-4.4,2.6,2.1,0:00,,0.0,0.0,1:07,5.1,0.0,7.7,carlide01
227,Declan Chisholm,WSH,D,0:47,26,13:08,-4.7,2.8,2.3,0:18,-15.8,0.0,0.0,0:16,6.2,0.0,16.8,chishde01
228,Dennis Cholowski,NJD,D,0:51,17,14:27,-9.6,1.5,3.2,0:07,9.4,0.0,0.0,0:05,59.7,39.6,0.0,cholode01
229,Dennis Gilbert,OTT,D,0:38,8,12:25,-8.5,1.8,1.8,0:00,,0.0,0.0,0:15,,0.0,0.0,gilbede01
230,Denton Mateychuk,CBJ,D,0:42,75,17:04,1.8,3.0,2.4,0:33,-0.1,4.3,1.4,1:33,0.1,0.5,11.8,mateyde01
231,Denver Barkey,PHI,C,0:44,43,11:47,2.4,2.6,3.0,1:36,-1.5,4.3,2.6,0:00,,0.0,0.0,barkede01
232,Derek Forbort,VAN,D,0:37,2,10:55,-17.8,2.7,2.7,0:00,,,,3:01,10.3,0.0,0.0,forbode01
233,Devon Toews,COL,D,0:50,68,18:32,-0.4,4.0,2.2,1:24,-4.9,1.9,1.3,2:25,-0.2,0.4,5.8,toewsde01
234,Dmitri Voronkov,CBJ,LW,0:42,63,11:55,3.4,3.0,3.0,2:00,0.0,8.0,0.5,0:00,38.0,0.0,0.0,vorondi01
235,Dmitriy Simashev,UTA,D,0:45,28,14:54,-7.5,1.0,2.6,0:01,14.5,0.0,0.0,0:10,-10.8,0.0,12.2,simasdm01
236,Dmitry Kulikov,FLA,D,0:35,19,16:18,-1.3,1.9,2.9,0:02,7.2,0.0,0.0,1:41,3.4,0.0,7.4,kulikdm01
237,Dmitry Orlov,SJS,D,0:46,82,17:56,5.4,2.4,3.4,2:28,-0.1,9.4,0.6,0:46,-2.9,0.0,9.4,orlovdm01
238,Domenick Fensore,CAR,D,0:35,1,18:17,-22.3,0.0,6.6,0:00,,,,1:05,-20.0,0.0,0.0,fensodo01
239,Dominic James,TBL,C,0:32,43,11:28,-1.0,2.4,1.9,0:41,-4.2,6.0,0.0,0:03,-12.3,0.0,21.3,jamesdo01
240,Dominic Toninato,CHI,C,0:33,8,9:09,11.7,0.8,0.8,0:00,,,,0:00,,,,tonindo01
241,Dominik Shine,DET,F,0:31,18,6:47,-10.8,2.0,2.0,0:02,,0.0,0.0,0:06,-12.1,0.0,30.3,shinedo01
242,Donovan Sebrango,TOT,D,0:48,42,14:17,-2.1,2.8,3.3,0:01,8.7,0.0,0.0,0:46,6.1,0.0,7.3,sebrado01
243,Dougie Hamilton,NJD,D,0:42,77,18:01,4.2,2.6,2.7,2:04,-5.0,9.4,1.1,1:26,10.4,1.6,6.5,hamildo01
244,Drake Batherson,OTT,C,0:43,79,14:08,4.9,2.7,2.9,3:12,2.7,10.9,0.9,0:00,-12.9,0.0,0.0,bathedr01
245,Drew Doughty,LAK,D,0:49,72,20:07,2.3,2.7,2.4,1:40,0.0,3.0,2.5,1:16,10.0,1.3,12.4,doughdr01
246,Drew Fortescue,NYR,D,0:41,9,14:37,-4.9,3.6,1.8,0:10,10.3,0.0,0.0,0:02,-12.5,0.0,0.0,fortedr01
247,Drew Helleson,ANA,D,0:37,60,15:23,-5.1,2.8,3.2,0:05,-21.6,0.0,0.0,1:29,-1.2,2.0,5.4,helledr01
248,Drew O'Connor,VAN,F,0:37,82,13:09,2.0,2.2,3.1,0:23,4.7,3.7,0.0,1:02,4.9,2.8,14.8,oconndr01
249,Dryden Hunt,CGY,LW,1:03,3,8:56,-3.6,0.0,6.7,0:00,,,,0:00,,,,huntdr01
250,Dylan Coghlan,VEG,D,0:44,3,14:56,0.4,4.0,2.7,0:07,,0.0,0.0,0:00,,,,coghldy01
251,Dylan Cozens,OTT,C,0:36,82,13:46,6.3,2.5,2.7,3:11,0.7,10.8,0.7,0:05,11.0,0.0,8.7,cozendy01
252,Dylan DeMelo,WPG,D,0:45,82,19:03,0.5,2.8,2.5,0:07,-8.2,0.0,0.0,2:16,-2.0,0.3,8.7,demeldy01
253,Dylan Duke,TBL,LW,0:44,1,8:41,-18.1,0.0,6.9,0:41,,0.0,0.0,0:00,,,,dukedy01
254,Dylan Guenther,UTA,RW,0:47,79,13:52,0.4,3.6,3.0,3:15,-0.2,9.1,0.7,0:16,8.0,0.0,11.3,guentdy01
255,Dylan Holloway,STL,C,0:38,59,15:42,2.9,3.8,2.9,2:14,0.5,5.9,0.5,0:17,10.3,0.0,7.0,hollody01
256,Dylan Larkin,DET,C,0:38,74,15:24,3.0,3.2,2.9,3:15,2.7,10.2,0.7,1:31,2.2,1.1,7.4,larkidy01
257,Dylan McIlrath,WSH,D,0:36,13,9:09,-8.7,0.5,1.0,0:00,,,,0:09,-5.9,0.0,0.0,mcilrdy01
258,Dylan Samberg,WPG,D,0:55,66,19:10,1.6,2.3,2.2,0:06,-12.5,0.0,0.0,2:32,-6.0,1.1,7.9,sambedy01
259,Dylan Strome,WSH,C,0:43,80,14:51,1.3,3.8,3.3,3:07,-1.5,8.2,1.7,0:03,80.2,0.0,0.0,stromdy01
260,Dysin Mayo,CBJ,D,0:33,3,8:24,16.6,4.8,2.4,0:00,,,,0:00,,,,mayody01
261,Easton Cowan,TOR,RW,0:56,66,13:09,1.3,2.5,2.7,1:33,0.1,7.6,1.2,0:00,,0.0,0.0,cowanea01
262,Eeli Tolvanen,SEA,RW,0:44,78,13:09,-3.1,2.2,3.2,1:50,0.6,7.9,0.8,1:02,3.7,0.7,13.4,tolvaee01
263,Eetu Luostarinen,FLA,C,0:36,73,13:32,1.8,3.2,2.9,1:06,-3.3,2.2,0.7,1:54,-5.1,0.4,6.0,luostee01
264,Egor Chinakhov,TOT,RW,0:46,72,12:09,0.2,1.7,2.9,1:18,-0.6,0.0,0.0,0:00,,0.0,0.0,chinaye01
265,Egor Zamula,TOT,D,0:49,33,12:37,-4.4,2.2,1.7,0:00,,0.0,0.0,0:26,13.8,0.0,9.2,zamulye01
266,Elias Lindholm,BOS,C,0:47,69,14:10,-2.5,3.1,3.4,2:44,-4.5,10.5,1.0,0:57,-0.8,0.0,7.2,lindhel01
267,Elias Pettersson,VAN,C,0:48,74,14:49,0.6,2.3,3.8,3:12,0.8,9.3,1.0,0:56,-1.6,0.9,15.6,petteel01
268,Elias Pettersson,VAN,D,0:37,70,13:45,-4.5,1.9,3.1,0:02,11.7,0.0,0.0,1:10,3.4,1.5,7.3,petteel02
269,Elias Salomonsson,WPG,D,0:41,32,16:47,4.1,1.8,2.5,0:21,14.4,5.2,0.0,0:48,-2.2,0.0,6.9,salomel01
270,Elmer Söderblom,TOT,RW,0:38,59,10:51,-1.5,0.9,1.5,0:10,9.0,0.0,0.0,0:04,-8.1,0.0,0.0,soderel01
271,Emil Andrae,PHI,D,0:33,61,14:45,2.4,2.6,1.6,0:23,5.2,2.5,0.0,0:11,3.2,0.0,15.7,andraem01
272,Emil Heineman,NYI,LW,0:46,82,14:18,2.0,2.3,2.8,1:43,-0.1,6.3,1.7,0:34,-0.7,0.0,5.1,heineem01
273,Emil Martinsen Lilleberg,TBL,D,0:40,50,15:39,-2.8,3.2,2.2,0:01,-19.3,0.0,0.0,1:36,-0.7,1.5,8.2,martiem01
274,Emmitt Finnie,DET,C,0:36,82,13:26,0.5,2.4,2.8,1:23,-3.1,6.8,0.5,0:40,-5.6,0.0,8.8,finniem01
275,Eric Robinson,CAR,LW,0:38,67,10:20,-3.8,2.6,2.1,0:02,11.3,0.0,0.0,1:01,4.0,0.9,6.9,robiner01
276,Erik Černák,TBL,D,0:59,61,14:55,-6.0,2.8,2.8,0:03,13.5,0.0,0.0,2:37,-2.2,1.1,6.4,cernaer01
277,Erik Gudbranson,CBJ,D,0:41,37,15:01,-14.4,2.8,2.4,0:00,,0.0,0.0,2:44,-2.7,1.2,9.4,gudbrer01
278,Erik Gustafsson,DET,D,0:57,2,17:36,3.9,0.0,3.4,1:08,-33.3,0.0,0.0,0:00,,,,gustaer02
279,Erik Haula,NSH,LW,0:38,81,13:12,-2.4,2.4,3.4,1:29,-4.8,8.5,0.0,1:59,0.2,1.1,4.5,haulaer01
280,Erik Karlsson,PIT,D,0:48,75,18:23,5.5,3.7,3.0,3:20,10.0,9.8,1.9,1:52,-2.5,0.9,4.7,karlser01
281,Esa Lindell,DAL,D,0:54,82,18:32,0.7,3.2,2.1,0:45,-1.4,4.8,0.0,3:55,-6.8,0.4,7.3,lindees01
282,Ethan Cardwell,SJS,RW,0:46,7,11:29,-3.9,1.5,3.7,0:09,12.1,0.0,0.0,0:17,8.2,0.0,0.0,cardwet01
283,Ethan Del Mastro,CHI,D,0:39,19,13:20,3.1,0.7,3.3,0:00,,0.0,0.0,0:47,-0.5,0.0,4.0,delmaet01
284,Ethen Frank,WSH,F,0:38,62,10:43,-2.1,3.0,2.2,1:29,1.3,5.8,0.6,0:01,,0.0,0.0,franket01
285,Evan Bouchard,EDM,D,0:50,82,19:14,8.6,4.2,3.1,3:37,-3.7,12.5,1.4,1:48,1.2,1.2,7.3,bouchev01
286,Evan Rodrigues,FLA,C,0:39,69,13:49,4.6,2.4,3.4,1:53,-3.4,6.0,0.5,1:16,2.2,0.7,5.4,rodriev01
287,Evander Kane,VAN,LW,0:57,71,14:48,0.0,2.5,3.4,1:34,-6.6,5.9,1.6,0:01,-13.8,0.0,0.0,kaneev01
288,Evgeni Malkin,PIT,C,0:51,56,14:26,1.1,4.2,2.7,3:09,8.0,10.9,2.0,0:00,,0.0,0.0,malkiev01
289,Evgenii Dadonov,NJD,RW,0:40,24,9:59,-10.1,1.0,2.5,0:40,5.7,3.7,0.0,0:00,,0.0,0.0,dadonev01
290,Fabian Zetterlund,OTT,W,0:37,82,11:41,0.0,2.8,2.8,1:10,-0.9,6.3,1.3,0:02,-12.5,0.0,0.0,zettefa01
291,Fedor Svechkov,NSH,C,0:49,70,11:27,-0.3,2.2,2.8,0:15,-16.6,0.0,0.0,0:21,7.1,2.4,4.8,svechfe01
292,Felix Unger Sorum,CAR,RW,0:40,1,13:46,-6.9,4.4,0.0,0:47,,0.0,0.0,0:02,,0.0,0.0,ungerfe01
293,Filip Chytil,VAN,C,0:58,12,13:45,7.0,1.8,4.4,1:13,-2.3,0.0,0.0,0:01,,0.0,0.0,chytifi01
294,Filip Forsberg,NSH,C,0:45,82,15:50,3.9,2.9,3.0,3:01,10.2,9.4,0.2,0:00,-14.0,0.0,0.0,forsbfi01
295,Filip Hallander,PIT,C,0:28,13,11:51,1.8,2.7,1.6,0:17,16.3,16.1,0.0,0:59,23.8,4.6,0.0,hallafi01
296,Filip Hronek,VAN,D,0:46,82,20:46,5.5,2.3,3.1,1:56,-2.2,10.6,1.1,2:17,-2.1,1.0,10.2,hronefi01
297,Florian Xhekaj,MTL,LW,0:33,5,9:35,-3.7,1.3,2.5,0:00,,0.0,0.0,0:00,,,,xhekafl01
298,Frank Nazar,CHI,C,0:31,66,14:02,0.2,2.4,3.8,3:08,0.4,5.8,0.0,1:07,-0.3,0.8,3.2,nazarfr01
299,Frank Vatrano,ANA,LW,0:40,50,10:16,-5.0,1.9,3.6,0:44,2.4,3.2,0.0,0:48,-10.9,0.0,3.0,vatrafr01
300,Fraser Minten,BOS,C,0:49,82,13:01,1.9,2.9,1.7,0:58,-1.6,4.5,1.5,1:33,5.4,0.9,8.0,mintefr01
301,Frédérick Gaudreau,SEA,C,0:35,68,13:50,-5.8,2.3,2.4,0:17,0.4,12.1,0.0,2:00,-2.1,0.0,10.1,gaudrfr01
302,Gabriel Landeskog,COL,LW,0:46,60,13:51,-1.4,4.4,2.0,2:31,-1.8,6.4,1.6,0:01,10.9,0.0,30.3,landega01
303,Gabriel Perreault,NYR,RW,0:36,49,14:40,-0.1,2.7,2.6,1:18,-1.0,10.2,0.9,0:00,,,,perrega01
304,Gabriel Vilardi,WPG,C,1:00,82,15:38,1.1,3.4,3.7,3:04,-3.3,8.1,1.2,0:01,37.1,0.0,0.0,vilarga01
305,Gage Goncalves,TBL,C,0:38,74,11:53,0.0,4.2,2.4,0:58,-0.4,1.7,0.0,0:12,-4.9,0.0,3.8,goncaga01
306,Garnet Hathaway,PHI,RW,0:42,66,9:13,-2.9,1.3,1.9,0:02,12.2,0.0,0.0,1:08,-4.3,0.0,4.8,hathaga01
307,Garrett Wilson,PHI,LW,0:47,3,8:40,-9.8,2.3,2.3,0:00,,,,0:00,,,,wilsoga01
308,Gavin Brindley,COL,C,0:35,56,8:27,-3.9,3.2,2.5,1:02,-6.6,0.0,3.1,0:03,21.4,0.0,0.0,brindga01
309,Georgii Merkulov,BOS,F,1:02,1,10:35,-5.0,0.0,5.7,0:00,,,,0:00,,,,merkuge01
310,Gustav Forsling,FLA,D,0:41,80,18:58,1.7,3.0,3.4,0:35,-5.6,6.3,0.0,3:03,-7.2,0.7,8.3,forslgu02
311,Gustav Nyquist,WPG,RW,0:44,51,10:24,-1.8,1.4,2.3,1:46,7.0,6.6,0.0,0:29,0.4,0.0,4.7,nyquigu01
312,Hampus Lindholm,BOS,D,0:53,67,17:29,2.2,2.9,2.7,1:25,3.3,6.3,0.6,2:42,-2.1,0.0,6.9,lindhha01
313,Harrison Brunicke,PIT,D,0:39,9,15:16,-0.7,1.7,3.5,0:23,-16.9,0.0,0.0,0:02,,0.0,0.0,bruniha01
314,Hayden Hodgson,OTT,RW,0:28,10,7:00,-4.5,1.7,3.4,0:00,,0.0,0.0,0:00,,,,hodgsha01
315,Haydn Fleury,WPG,D,0:42,38,12:22,-6.0,1.8,4.3,0:10,-12.5,0.0,0.0,1:21,-0.8,2.3,10.4,fleurha01
316,Hendrix Lapierre,WSH,C,0:50,74,8:41,4.2,2.4,2.2,0:08,-13.2,0.0,12.1,0:00,-11.4,0.0,0.0,lapiehe01
317,Henri Jokiharju,BOS,D,0:51,41,16:18,2.3,3.2,3.1,0:35,1.8,5.0,0.0,0:54,-1.1,0.0,6.4,jokihhe01
318,Henry Thrun,TOR,D,0:43,4,14:27,-5.4,1.0,2.1,0:00,,,,0:24,25.6,0.0,0.0,thrunhe01
319,Hugh McGing,STL,LW,0:34,3,10:26,-6.9,3.8,3.8,0:26,6.7,0.0,0.0,0:00,,,,mcginhu01
320,Hunter Brzustewicz,CGY,D,0:43,34,14:57,2.3,2.5,2.5,1:00,0.9,1.8,0.0,0:10,28.2,0.0,0.0,brzushu01
321,Hunter Haight,MIN,C,0:37,9,10:22,-3.6,1.3,4.5,0:27,-15.5,0.0,0.0,0:00,,,,haighhu01
322,Hunter Mcdonald,PHI,D,0:35,1,14:00,7.5,12.9,0.0,0:00,,,,1:11,0.0,0.0,0.0,mcdonhu02
323,Hunter Skinner,STL,D,0:42,1,10:45,-11.8,11.2,5.6,0:00,,,,0:00,,,,skinnhu01
324,Ian Cole,UTA,D,0:41,82,15:12,-4.4,3.1,2.5,0:01,,0.0,0.0,3:01,-2.0,0.7,8.2,coleia01
325,Ian Moore,ANA,D,0:31,67,13:03,-1.4,1.8,2.8,0:03,-1.7,0.0,0.0,0:33,0.6,1.6,3.2,mooreia01
326,Igor Chernyshov,SJS,LW,0:38,28,13:55,4.6,3.7,3.4,1:08,6.4,15.1,0.0,0:00,91.4,0.0,0.0,chernig01
327,Ilya Lyubushkin,DAL,D,0:40,53,14:15,-6.5,2.0,2.0,0:00,-36.9,0.0,0.0,1:28,1.1,0.8,6.9,lyubuil01
328,Ilya Mikheyev,CHI,F,0:36,77,14:45,-1.4,2.4,2.5,0:03,-37.3,0.0,0.0,2:37,6.4,1.2,6.5,mikheil01
329,Ilya Protas,WSH,LW,0:44,4,13:27,1.1,3.3,2.2,2:25,-3.8,6.1,0.0,0:00,,,,protail01
330,Ilya Solovyov,TOT,D,0:44,30,12:26,0.8,2.0,2.3,0:02,-90.6,0.0,0.0,0:15,-13.3,0.0,0.0,solovil01
331,Isaac Howard,EDM,LW,0:46,29,9:49,-7.4,1.9,3.2,0:29,-7.3,0.0,0.0,0:00,,,,howaris01
332,Isaak Phillips,WPG,D,0:32,3,9:28,-14.0,0.0,0.0,0:00,,,,0:02,,0.0,0.0,phillis01
333,Isac Lundeström,CBJ,C,0:59,68,10:54,-7.8,2.1,2.3,0:02,11.8,0.0,0.0,1:25,1.3,0.0,6.8,lundeis01
334,Isaiah George,NYI,D,0:39,4,13:09,-17.0,3.4,2.3,0:00,,,,0:12,82.8,0.0,0.0,georgis01
335,Isak Rosen,TOT,RW,0:49,37,9:56,-3.1,2.1,2.8,1:33,-2.2,3.9,1.9,0:00,,,,rosenis01
336,Ivan Barbashev,VEG,C,0:48,82,15:22,-0.5,3.7,2.7,0:51,-5.4,6.8,0.9,0:00,-10.5,0.0,0.0,barbaiv01
337,Ivan Demidov,MTL,RW,0:34,82,12:28,-1.6,3.7,3.5,3:01,3.2,9.9,0.2,0:00,,0.0,0.0,demidiv01
338,Ivan Ivan,COL,F,0:38,9,7:19,-9.2,1.8,0.9,0:07,-42.3,0.0,0.0,0:00,,,,ivaniv01
339,Ivan Miroshnichenko,WSH,LW,0:48,13,9:38,0.5,2.4,1.9,0:00,,,,0:00,,,,mirosiv01
340,Ivan Provorov,CBJ,D,0:54,82,20:40,-1.7,3.0,2.6,1:06,5.3,5.3,0.7,3:01,-6.8,1.0,8.2,provoiv01
341,J.J. Moser,TBL,D,0:45,79,18:54,5.0,3.7,2.2,0:04,-17.2,9.3,0.0,2:34,-2.7,0.9,6.5,moserja01
342,J.T. Compher,DET,LW,0:40,82,13:28,-4.6,2.5,3.3,0:39,0.2,2.2,0.0,1:32,-3.1,0.0,8.1,comphj.01
343,J.T. Miller,NYR,C,0:43,68,15:11,1.4,2.8,4.2,3:07,2.6,8.2,2.0,1:49,-2.4,0.5,6.3,millejt01
344,Jaccob Slavin,CAR,D,0:50,39,18:22,-2.9,3.1,2.7,0:05,-2.7,17.3,0.0,2:50,-5.5,1.6,7.6,slavija01
345,Jack Ahcan,COL,D,0:39,11,11:29,7.4,2.8,1.9,0:01,,0.0,0.0,0:00,,0.0,0.0,ahcanja01
346,Jack Devine,FLA,RW,0:44,6,8:20,-2.3,0.0,3.6,0:06,13.6,0.0,0.0,0:00,,,,devinja01
347,Jack Drury,COL,C,0:40,82,12:14,1.8,2.7,1.9,0:13,3.3,0.0,0.0,2:00,-1.0,0.4,8.7,druryja01
348,Jack Eichel,VEG,C,0:47,74,16:13,1.9,4.3,3.1,3:38,5.2,10.0,0.9,1:20,4.6,1.8,7.2,eicheja01
349,Jack Finley,TOT,C,0:39,44,8:51,-2.9,1.1,1.1,0:08,18.5,0.0,0.0,0:42,-3.8,0.0,10.2,finleja01
350,Jack Hughes,NJD,C,0:48,61,17:58,7.9,3.4,3.3,2:56,-4.7,10.0,1.3,0:23,17.0,4.9,4.9,hugheja03
351,Jack McBain,UTA,C,0:38,75,12:02,0.9,3.1,2.5,0:21,2.8,2.2,0.0,1:26,-3.1,1.1,10.0,mcbaija03
352,Jack Quinn,BUF,RW,0:37,82,13:16,-1.2,3.3,2.9,2:14,0.7,5.5,1.3,0:08,-0.9,0.0,0.0,quinnja01
353,Jack Roslovic,EDM,C,0:34,69,14:36,3.2,2.8,3.2,1:09,-0.1,9.8,1.5,0:00,,0.0,0.0,rosloja01
354,Jack St. Ivany,PIT,D,0:58,20,15:00,-3.8,3.0,2.2,0:00,,0.0,0.0,1:18,9.4,0.0,2.3,stivajo01
355,Jack Studnicka,FLA,C,0:28,19,6:53,-7.6,0.9,3.7,0:07,12.5,0.0,0.0,0:05,2.6,0.0,0.0,studnja01
356,Jackson Blake,CAR,RW,0:58,81,14:18,1.7,3.1,2.8,2:09,-3.7,6.9,0.7,0:01,13.0,0.0,0.0,blakeja02
357,Jackson LaCombe,ANA,D,0:43,82,19:22,2.2,3.4,3.4,3:13,0.6,6.8,0.9,1:39,2.2,0.4,12.4,lacomja01
358,Jacob Bernard-Docker,DET,D,0:44,63,13:22,-4.2,1.7,1.7,0:01,,0.0,0.0,1:25,1.8,0.0,7.3,bernaja01
359,Jacob Bryson,TOT,D,0:50,50,10:35,-1.4,2.4,2.6,0:00,,0.0,0.0,0:16,9.5,0.0,0.0,brysoja01
360,Jacob Gaucher,PHI,F,0:31,4,8:15,0.6,0.0,1.8,0:01,,0.0,0.0,0:31,-9.7,0.0,0.0,gauchja01
361,Jacob Melanson,SEA,RW,0:37,36,9:21,6.3,2.0,3.6,0:00,,0.0,0.0,0:00,,,,melanja01
362,Jacob Middleton,MIN,D,0:37,75,15:30,-4.4,2.4,2.5,0:01,-6.5,0.0,0.0,1:58,-0.4,1.2,8.1,middlja01
363,Jacob Moverare,LAK,D,1:36,15,8:45,4.3,1.4,3.2,0:00,,0.0,0.0,0:00,,0.0,0.0,moverja01
364,Jacob Quillan,TOR,F,0:44,23,8:47,-4.2,1.8,3.3,0:01,12.2,0.0,0.0,1:27,4.2,0.0,8.9,quillja01
365,Jacob Trouba,ANA,D,0:46,81,19:03,-1.0,2.9,3.1,0:40,-2.5,3.3,1.1,3:04,-0.6,1.0,9.4,troubja01
366,Jaden Schwartz,SEA,C,0:50,50,13:39,-1.9,2.8,2.5,1:38,1.2,4.4,0.0,0:50,-0.3,1.4,10.1,schwaja01
367,Jake Bean,CGY,D,0:39,16,15:24,3.6,1.7,3.4,0:04,16.2,0.0,0.0,0:27,-9.4,0.0,8.1,beanja01
368,Jake Christiansen,CBJ,D,0:55,40,9:52,1.5,1.2,2.3,0:00,7.6,0.0,0.0,0:09,-2.3,0.0,18.2,chrisja01
369,Jake DeBrusk,VAN,LW,0:48,81,13:02,0.1,2.0,3.6,3:05,1.1,9.1,1.0,0:43,-1.1,1.0,6.2,debruja01
370,Jake Evans,MTL,C/RW,0:45,68,12:25,-4.2,2.1,2.8,0:02,-5.0,0.0,0.0,2:53,-3.4,0.6,9.8,evansja02
371,Jake Guentzel,TBL,C,0:44,81,14:50,1.4,4.1,3.4,4:03,9.6,8.2,1.1,1:20,2.2,2.2,9.4,guentja01
372,Jake Livanavage,PIT,D,0:52,1,22:22,-23.0,2.7,8.0,2:52,,0.0,0.0,0:00,,,,livanja01
373,Jake McCabe,TOR,D,0:41,80,19:17,-1.7,3.1,3.1,0:18,2.1,5.0,0.0,2:48,-3.3,0.8,7.0,mccabja01
374,Jake Neighbours,STL,LW,0:47,69,13:04,1.4,3.1,3.4,2:06,-0.8,8.7,0.8,0:02,49.1,0.0,21.4,neighja01
375,Jake Sanderson,OTT,D,0:48,67,18:37,4.0,3.3,2.5,3:15,1.5,11.5,0.5,2:57,-6.6,0.9,9.1,sandeja01
376,Jake Walman,EDM,D,0:41,53,17:03,-4.1,2.6,3.8,0:42,4.3,9.7,0.0,0:59,2.9,2.3,8.0,walmaja01
377,Jakob Chychrun,WSH,D,0:50,80,19:55,5.5,3.5,2.6,3:01,2.9,6.5,1.5,0:23,15.9,0.0,5.7,chychja01
378,Jakob Pelletier,TBL,LW,0:36,5,8:47,4.8,0.0,1.4,0:33,-47.2,0.0,0.0,0:00,,,,pelleja01
379,Jalen Chatfield,CAR,D,0:33,72,17:44,-2.5,3.1,2.6,0:03,-5.7,0.0,0.0,2:20,-4.3,1.8,6.4,chatfja01
380,James Hagens,BOS,C,0:40,2,14:33,3.5,2.1,0.0,0:00,,,,0:00,,,,hagenja01
381,James van Riemsdyk,DET,LW,0:38,72,9:54,-0.5,1.9,3.2,1:50,1.2,10.9,0.9,0:00,,0.0,0.0,vanrija01
382,Jamie Benn,DAL,LW,0:32,60,11:46,-3.6,3.4,2.7,1:29,2.1,10.0,0.0,0:01,-11.1,0.0,0.0,bennja01
383,Jamie Drysdale,PHI,D,0:41,78,19:06,-0.5,2.6,2.5,2:18,3.3,5.0,1.7,0:08,-8.5,0.0,16.4,drysdja01
384,Jamie Oleksiak,SEA,D,0:30,78,15:15,0.5,2.6,2.2,0:00,-55.1,0.0,0.0,1:39,-3.2,0.0,12.1,oleksja01
385,Jani Nyman,SEA,RW,0:44,28,9:45,1.7,1.5,2.6,0:48,0.5,8.0,0.0,0:00,,,,nymanja01
386,Jansen Harkins,ANA,C,0:40,44,9:17,-2.4,1.5,2.3,0:13,12.8,0.0,0.0,0:04,-12.7,0.0,0.0,harkija01
387,Jared Davidson,MTL,C,0:41,10,8:42,-4.0,1.4,4.1,0:00,,,,0:00,,0.0,0.0,davidja01
388,Jared McCann,SEA,C,0:41,52,13:28,5.0,3.1,3.3,2:51,5.9,7.3,2.0,0:06,-6.2,0.0,11.0,mccanja01
389,Jared Spurgeon,MIN,D,0:41,79,16:22,-0.4,2.2,2.0,1:29,-3.3,7.1,1.0,1:43,-6.1,0.4,6.6,spurgja01
390,Jared Wright,LAK,RW,0:44,23,11:23,-1.1,1.8,1.8,0:00,,,,0:02,-13.7,0.0,0.0,wrighja03
391,Jaroslav Chmelar,NYR,RW,0:44,28,9:04,-2.1,1.9,2.4,0:04,13.7,29.8,0.0,0:00,,0.0,0.0,chmelja01
392,Jason Dickinson,TOT,C,0:37,64,13:19,3.4,2.4,3.2,0:05,-51.5,0.0,0.0,2:07,3.9,1.2,5.2,dickija01
393,Jason Polin,COL,F,0:44,4,7:34,13.3,2.0,0.0,0:00,,,,0:00,,,,polinja01
394,Jason Robertson,DAL,LW,0:41,82,16:21,6.1,3.7,2.4,3:52,3.7,11.9,1.1,0:01,49.5,0.0,0.0,roberja01
395,Jason Zucker,BUF,LW,0:41,62,12:15,-1.1,3.2,3.3,3:21,1.8,8.9,1.2,0:00,-9.2,0.0,0.0,zuckeja01
396,Jaycob Megna,VEG,D,0:42,4,10:24,-7.5,0.0,7.2,0:00,,,,0:12,,0.0,0.0,megnaja02
397,Jayden Struble,MTL,D,0:54,59,13:52,1.0,2.6,2.3,0:00,11.9,0.0,0.0,0:07,15.4,0.0,0.0,strubja01
398,Jean-Gabriel Pageau,NYI,C,0:38,74,12:52,-4.6,2.6,2.9,0:22,-4.2,2.2,4.4,2:24,-0.3,2.4,8.4,pageaje01
399,Jeff Malott,LAK,F,0:39,58,8:45,0.6,2.1,3.2,0:00,-89.1,0.0,0.0,0:03,0.4,0.0,17.8,malotje01
400,Jeff Petry,TOT,D,0:36,67,13:21,-0.8,2.2,2.9,0:40,-3.8,5.4,0.0,0:44,3.6,0.0,5.7,petryje01
401,Jeff Skinner,SJS,LW/C,0:47,32,10:35,-0.7,2.3,3.7,1:45,-1.7,9.6,0.0,0:00,,,,skinnje01
402,Jeffrey Viel,TOT,F,0:35,45,11:45,0.8,2.9,3.2,0:08,7.2,9.3,0.0,0:01,,0.0,0.0,vielje01
403,Jeremy Lauzon,VEG,D,0:34,68,15:15,-2.5,2.6,2.9,0:01,,0.0,0.0,1:54,-1.0,0.9,8.3,lauzoje01
404,Jesper Boqvist,FLA,C,0:32,73,10:42,-5.1,1.7,2.5,0:27,1.7,1.8,0.0,0:39,2.2,0.0,7.4,boqvije01
405,Jesper Bratt,NJD,W,0:50,82,15:01,8.6,3.2,3.7,2:56,-1.0,8.4,0.7,0:46,5.7,1.9,3.7,brattje01
406,Jesperi Kotkaniemi,CAR,C,0:30,42,10:55,-3.6,2.6,2.1,0:16,3.9,5.2,5.2,0:08,7.4,0.0,0.0,kotkaje01
407,Jett Luchanko,PHI,F,0:49,4,8:52,-0.1,0.0,5.1,0:00,,,,0:06,,0.0,0.0,luchaje01
408,Jimmy Snuggerud,STL,RW,0:46,70,14:25,-0.1,3.4,2.3,2:15,2.1,7.6,0.8,0:00,,0.0,0.0,snuggji01
409,Jiri Kulich,BUF,C,0:39,12,14:42,3.3,2.4,3.7,1:38,-9.2,0.0,0.0,0:01,,0.0,0.0,kulicji01
410,JJ Peterka,UTA,RW,0:42,82,14:01,0.6,2.8,2.5,1:56,-5.1,4.5,0.0,0:00,-11.0,0.0,50.7,peterjo01
411,Joakim Kemell,NSH,RW,0:51,16,9:13,-7.7,2.4,2.0,0:34,-24.0,0.0,0.0,0:36,17.8,6.2,12.3,kemeljo01
412,Joe Veleno,MTL,C,0:37,61,10:31,-2.6,1.7,2.9,0:02,-39.3,0.0,0.0,1:31,1.3,0.6,2.6,velenjo01
413,Joel Armia,LAK,RW,0:36,67,11:58,-3.3,1.9,2.1,0:42,-6.7,3.8,2.6,1:23,10.2,3.2,5.8,armiajo01
414,Joel Edmundson,LAK,D,0:46,82,15:59,-2.9,2.7,2.2,0:03,-4.8,33.6,0.0,2:25,-6.9,0.6,10.8,edmunjo01
415,Joel Eriksson Ek,MIN,C/LW,1:01,70,13:56,3.0,3.6,2.7,3:32,6.5,9.9,0.2,1:35,0.1,1.1,8.1,eriksjo02
416,Joel Farabee,CGY,LW,0:58,82,13:48,-0.1,2.3,3.1,1:06,-1.5,4.0,0.7,2:00,-0.7,2.6,7.3,farabjo01
417,Joel Hanley,CGY,D,0:31,68,13:41,5.1,1.7,2.2,0:01,,0.0,0.0,0:57,3.7,2.8,10.2,hanlejo01
418,Joel Kiviranta,COL,F,0:36,51,9:16,2.0,2.5,1.6,0:03,11.5,0.0,0.0,1:02,9.9,0.0,2.3,kivirjo01
419,Joel Nystrom,CAR,D,0:35,38,14:00,-0.1,2.8,2.1,0:03,-23.3,0.0,0.0,1:07,5.0,0.0,11.3,nystrjo01
420,John Beecher,TOT,C,0:35,35,8:47,-5.5,1.1,2.2,0:03,,0.0,0.0,1:34,-7.0,0.0,0.0,beechjo01
421,John Carlson,TOT,D,0:50,71,18:06,6.9,3.6,3.7,2:43,4.9,10.2,1.1,2:19,6.0,0.0,10.2,carlsjo01
422,John Hayden,SEA,C,0:35,3,9:00,-13.7,0.0,2.2,0:00,,,,1:04,44.4,0.0,0.0,haydejo01
423,John Klingberg,SJS,D,1:01,56,17:28,5.0,3.3,3.7,2:57,-0.5,5.8,2.2,0:02,24.2,0.0,27.7,klingjo01
424,John Leonard,DET,LW,0:39,11,10:19,-0.4,1.1,2.6,1:10,-17.5,9.3,0.0,0:00,,,,leonajo01
425,John Marino,UTA,D,0:38,80,18:28,1.8,3.7,2.1,0:04,0.9,9.1,0.0,1:39,-0.6,2.3,6.8,marinjo01
426,John Tavares,TOR,C,0:43,82,15:26,5.1,3.2,4.1,2:42,-2.3,8.4,1.9,0:01,39.7,0.0,0.0,tavarjo01
427,Johnathan Kovacevic,NJD,D,0:50,34,16:14,-1.6,2.7,2.8,0:02,10.9,0.0,0.0,1:35,-1.6,1.1,6.6,kovacjo01
428,Jonah Gadjovich,FLA,LW,0:28,10,7:55,-8.0,2.3,0.8,0:01,5.4,0.0,0.0,0:00,,,,gadjojo01
429,Jonas Brodin,MIN,D,0:41,62,18:16,0.5,2.8,1.9,0:04,-15.1,12.7,0.0,1:55,3.8,1.0,5.5,brodijo01
430,Jonas Røndbjerg,VEG,RW,0:37,4,11:40,-0.3,2.6,5.1,0:00,,,,0:24,-7.1,0.0,0.0,rondbjo01
431,Jonas Siegenthaler,NJD,D,0:41,82,17:43,-3.4,2.2,2.6,0:02,-23.6,22.0,0.0,1:43,1.4,0.8,9.7,siegejo01
432,Jonatan Berggren,TOT,RW,0:38,51,12:38,-3.5,1.8,2.5,1:09,-9.8,8.9,4.4,0:00,,,,berggjo02
433,Jonathan Aspirot,BOS,D,0:39,61,15:36,-0.1,3.7,1.9,0:01,15.0,44.4,0.0,1:06,5.3,1.8,7.1,aspirjo01
434,Jonathan Drouin,TOT,LW,0:49,64,14:02,4.4,2.1,2.1,2:48,2.3,4.9,1.1,0:00,,0.0,0.0,drouijo01
435,Jonathan Huberdeau,CGY,LW,1:01,50,14:13,2.9,2.4,3.0,2:54,-1.1,6.2,0.4,0:59,4.6,0.0,3.6,huberjo01
436,Jonathan Lekkerimäki,VAN,RW,0:37,13,9:55,-10.2,1.4,2.3,1:45,9.5,0.0,2.6,0:00,,,,lekkejo01
437,Jonathan Marchessault,NSH,C,0:44,62,13:54,-2.7,2.6,3.8,2:47,2.8,8.0,0.7,0:00,,0.0,0.0,audymjo01
438,Jonathan Toews,WPG,C,0:48,82,12:23,-0.7,1.7,2.7,1:58,-0.3,6.3,1.1,0:07,-13.4,0.0,23.9,toewsjo01
439,Jonny Brodzinski,NYR,C,0:42,55,10:31,-1.2,1.9,2.0,0:38,-7.5,3.4,0.0,0:00,,,,brodzjo01
440,Joona Koppanen,PIT,LW,0:41,13,10:32,-2.0,1.8,2.6,0:00,,0.0,0.0,1:35,1.7,0.0,2.9,koppajo01
441,Jordan Eberle,SEA,RW,0:38,80,15:43,4.1,3.1,2.7,2:41,5.2,7.5,1.7,0:03,6.7,0.0,23.3,eberljo01
442,Jordan Greenway,BUF,LW,0:48,40,10:34,-7.6,1.3,2.8,0:01,12.3,0.0,0.0,1:50,-2.5,0.8,2.4,greenjo02
443,Jordan Harris,BOS,D,0:45,8,14:17,5.3,2.1,2.1,0:03,,0.0,0.0,1:32,21.6,0.0,9.7,harrijo01
444,Jordan Kyrou,STL,C,0:36,72,13:33,8.7,2.8,3.1,2:10,-5.2,6.2,0.4,0:00,-10.8,0.0,0.0,kyroujo01
445,Jordan Martinook,CAR,LW,0:37,77,12:38,-1.9,3.1,3.0,0:02,11.0,0.0,0.0,2:09,-13.3,1.1,8.7,martijo01
446,Jordan Oesterle,NSH,D,0:54,1,14:05,-7.3,0.0,4.3,0:00,,,,0:00,,,,oestejo01
447,Jordan Spence,OTT,D,0:29,73,17:16,11.1,2.9,2.1,1:16,-3.5,3.9,0.6,0:10,5.3,0.0,9.3,spencjo01
448,Jordan Staal,CAR,C,0:32,75,13:09,-2.1,3.0,2.9,0:47,5.7,13.0,0.0,2:13,-10.5,1.1,8.3,staaljo01
449,Jorian Donovan,OTT,D,0:40,2,6:58,-26.6,0.0,0.0,0:00,,,,0:03,,0.0,0.0,donovjo01
450,Joseph LaBate,VAN,C,0:34,1,9:32,-14.8,0.0,6.3,0:00,,,,0:00,,,,labatjo01
451,Josh Anderson,MTL,RW,0:48,72,11:41,-2.4,2.4,3.0,0:04,12.3,0.0,0.0,2:14,1.9,1.5,8.1,anderjo05
452,Josh Doan,BUF,RW,0:46,82,13:04,2.7,3.4,3.4,2:46,1.5,8.4,1.1,0:00,,0.0,0.0,doanjo01
453,Josh Mahura,SEA,D,0:34,23,14:22,-5.2,2.9,1.5,0:05,-25.8,0.0,0.0,1:11,0.6,0.0,8.7,mahurjo01
454,Josh Manson,COL,D,0:57,79,15:45,0.6,4.1,2.1,0:03,11.0,0.0,0.0,1:57,-3.5,0.4,7.7,mansojo01
455,Josh Morrissey,WPG,D,0:53,77,20:52,1.6,3.2,2.8,3:06,-6.2,8.0,1.3,0:44,5.0,0.0,10.5,morrijo04
456,Josh Samanski,EDM,F,0:37,24,10:04,-1.7,2.7,2.2,0:01,,0.0,0.0,0:27,9.1,0.0,0.0,samanjo01
457,Joshua Dunne,BUF,C,0:36,34,9:20,0.5,1.1,2.5,0:01,-87.0,0.0,0.0,0:05,-9.2,0.0,18.8,dunnejo01
458,Joshua Norris,BUF,C,0:36,44,12:30,0.6,4.4,2.8,3:16,7.2,8.3,1.2,0:02,-10.1,0.0,0.0,norrijo01
459,Joshua Roy,MTL,RW,0:36,3,9:40,10.1,2.1,2.1,0:07,-78.6,0.0,0.0,0:00,,,,royjo01
460,Josiah Slavin,CAR,LW,0:52,2,13:12,8.1,2.3,0.0,0:00,,,,1:48,1.2,0.0,0.0,slavijo01
461,Juho Lammikko,NJD,RW,0:37,24,9:48,-9.0,1.3,2.3,0:01,10.3,0.0,0.0,0:02,,0.0,0.0,lammiju01
462,Juraj Slafkovsky,MTL,LW,0:53,82,15:13,1.8,3.7,3.1,3:17,5.8,10.4,0.4,0:01,-12.5,0.0,0.0,slafkju01
463,Justin Barron,NSH,D,0:43,52,13:37,1.5,2.4,2.5,0:14,-7.2,0.0,0.0,0:23,2.9,3.0,5.9,barroju01
464,Justin Brazeau,PIT,F,0:41,64,11:36,-0.8,3.5,2.9,1:01,-6.9,6.4,1.8,0:00,,0.0,0.0,brazeju01
465,Justin Danforth,BUF,RW/C,0:38,4,8:57,-9.1,0.0,3.3,0:07,,0.0,0.0,2:37,-13.0,0.0,0.0,danfoju01
466,Justin Dowling,NYR,C,0:39,2,7:11,-4.5,0.0,4.2,0:00,,,,0:00,,,,dowliju01
467,Justin Faulk,TOT,D,0:43,78,18:34,-4.7,2.6,3.5,1:56,-11.6,0.0,0.0,1:29,-8.9,0.0,12.1,faulkju01
468,Justin Holl,STL,D,0:41,9,15:07,-5.2,3.5,1.3,0:00,,,,0:32,30.0,0.0,0.0,hollju01
469,Justin Hryckowian,DAL,F,0:38,81,11:22,0.9,2.5,2.3,0:37,4.7,7.1,1.2,1:17,-0.4,0.0,4.0,hryckju01
470,Justin Kirkland,CGY,LW,0:39,20,8:10,-0.7,2.2,1.8,0:01,,0.0,0.0,1:37,4.2,0.0,5.5,kirklju01
471,Justin Robidas,CAR,C,0:51,2,10:41,-2.5,2.8,2.8,0:00,,,,0:00,,,,robidju01
472,Justin Sourdif,WSH,RW,0:48,78,13:35,1.0,3.0,2.0,1:00,-1.7,6.8,0.8,0:07,8.9,0.0,0.0,sourdju01
473,Juuso Pärssinen,NYR,C,0:35,20,8:47,-8.3,2.4,1.0,0:00,,0.0,0.0,0:02,,0.0,0.0,parssju01
474,K'Andre Miller,CAR,D,0:36,72,19:30,2.7,3.0,2.9,0:59,0.3,5.1,1.7,1:53,1.2,2.2,7.0,milleka01
475,Kaapo Kakko,SEA,RW,0:42,65,12:47,0.8,3.2,2.1,1:27,-4.3,7.0,0.6,0:00,,0.0,0.0,kakkoka01
476,Kaedan Korczak,VEG,D,0:32,78,15:28,-0.1,2.6,2.3,0:02,-39.7,0.0,0.0,0:26,5.6,0.0,8.6,korczka01
477,Kai Uchacz,VEG,F,0:39,3,11:31,-14.8,1.7,3.5,0:24,-40.0,0.0,0.0,0:15,-12.9,0.0,0.0,uchacka01
478,Kaiden Guhle,MTL,D,0:47,39,17:44,-5.4,2.3,2.1,0:01,13.0,69.2,0.0,1:41,-1.1,1.8,5.4,guhleka01
479,Kailer Yamamoto,UTA,RW,0:35,59,11:18,-0.9,3.3,2.3,0:24,-7.1,0.0,0.0,0:04,22.0,0.0,0.0,yamamka01
480,Kasperi Kapanen,EDM,RW,0:56,41,13:20,-5.7,2.6,2.1,0:15,-5.7,0.0,0.0,0:59,1.7,0.0,7.3,kapanka01
481,Keaton Middleton,COL,D,0:42,3,10:32,-10.3,1.9,3.8,0:00,,,,0:13,-4.8,0.0,0.0,middlke01
482,Keegan Kolesar,VEG,RW,0:26,82,10:53,-2.7,1.9,2.9,0:04,-39.8,0.0,0.0,0:34,-2.3,1.3,2.5,koleske01
483,Kenny Connors,LAK,C,0:40,2,8:16,6.3,0.0,0.0,0:17,-40.9,0.0,102.9,0:06,,0.0,0.0,connoke01
484,Kent Johnson,CBJ,C,0:45,76,11:34,2.6,2.4,2.9,1:38,0.6,6.7,0.5,0:01,14.0,0.0,74.0,johnske01
485,Kevin Bahl,CGY,D,0:41,76,19:05,-4.7,2.6,2.6,0:15,1.4,8.8,2.9,2:35,-2.7,1.2,8.2,bahlke01
486,Kevin Fiala,LAK,LW,0:47,56,15:40,2.6,2.1,2.6,3:24,9.4,7.5,0.9,0:02,-13.9,0.0,0.0,fialake01
487,Kevin Gravel,NSH,D,0:43,1,15:52,-18.3,3.8,3.8,0:00,,,,0:44,0.0,0.0,0.0,graveke01
488,Kevin Hayes,PIT,RW,0:38,28,11:21,1.0,3.0,3.2,1:06,-13.1,3.9,0.0,0:00,-10.8,0.0,0.0,hayeske01
489,Kevin Korchinski,CHI,D,0:37,13,13:34,3.6,2.0,3.4,0:00,,,,0:04,-7.9,0.0,69.2,korchke01
490,Kevin Rooney,UTA,C,0:29,1,9:44,3.6,6.2,0.0,0:00,,,,0:00,,,,rooneke01
491,Kevin Stenlund,UTA,C,0:34,80,11:18,-7.7,1.9,2.7,0:14,0.9,0.0,0.0,2:55,1.1,1.0,7.2,stenlke01
492,Kiefer Sherwood,TOT,RW,0:39,72,13:59,7.8,2.7,3.8,1:47,5.1,5.6,0.0,1:29,3.3,0.0,11.1,sherwki01
493,Kirby Dach,MTL,C/RW,0:42,37,12:15,-2.6,2.9,3.0,1:22,-0.7,5.9,1.2,0:01,,0.0,0.0,dachki01
494,Kirill Kaprizov,MIN,LW,0:55,78,18:07,4.7,3.5,3.0,3:58,5.9,9.5,0.4,0:01,24.0,0.0,23.7,kapriki01
495,Kirill Kudryavtsev,VAN,D,0:43,3,15:36,8.3,3.8,1.3,0:00,,,,0:01,80.8,0.0,0.0,kudryki01
496,Kirill Marchenko,CBJ,RW,0:43,76,15:52,3.7,3.0,2.5,3:01,-5.3,8.4,1.0,0:03,53.9,13.6,13.6,marchki01
497,Konsta Helenius,BUF,F,0:50,9,11:54,15.5,2.8,2.2,0:00,,,,0:00,,,,helenko01
498,Kris Letang,PIT,D,0:43,74,18:59,-2.1,3.2,3.2,1:33,-8.9,8.3,2.1,1:07,4.2,0.0,6.5,letankr01
499,Kurtis MacDermid,OTT,LW/D,0:11,19,4:10,-18.1,0.8,4.5,0:02,,0.0,0.0,0:00,,,,macdeku01
500,Kyle Capobianco,DAL,D,0:32,33,11:43,3.6,2.9,2.8,0:24,-1.4,0.0,0.0,0:00,88.0,0.0,0.0,capobky01
501,Kyle Connor,WPG,LW,0:55,82,17:21,2.2,3.8,3.8,3:06,-5.5,8.0,1.2,1:02,4.7,2.1,9.1,connoky01
502,Kyle MacLean,NYI,F,0:37,59,10:20,-2.5,1.4,2.0,0:02,13.5,0.0,0.0,0:08,-14.5,0.0,0.0,macleky01
503,Kyle Palmieri,NYI,RW,0:56,25,13:28,1.8,2.5,2.7,3:39,7.3,5.9,1.3,1:44,-1.5,1.4,6.9,palmiky01
504,Landon Slaggert,CHI,LW,0:50,53,9:31,-3.1,1.5,1.8,0:00,13.4,0.0,0.0,1:01,-5.6,0.0,4.4,slaggla01
505,Lane Hutson,MTL,D,0:53,82,19:59,8.1,3.9,2.5,3:18,3.0,10.2,0.2,0:28,3.1,0.0,4.6,hutsola01
506,Lane Pederson,PHI,F,0:40,5,8:51,-9.0,1.4,1.4,0:00,,,,0:00,,,,pederla01
507,Lars Eller,OTT,C,0:34,68,10:03,-6.1,2.5,2.1,0:28,-4.0,3.7,1.9,0:54,-4.2,1.0,9.7,ellerla01
508,Lassi Thomson,OTT,D,0:41,11,13:00,4.1,3.4,1.7,0:34,-3.3,9.5,9.5,0:09,-13.4,0.0,34.0,thomsla01
509,Lawson Crouse,UTA,LW,0:32,81,12:50,-0.5,3.8,2.8,1:02,4.3,4.3,0.0,2:43,-1.1,0.8,4.9,crousla01
510,Lenni Hameenaho,NJD,RW,0:43,33,11:42,-5.0,2.3,2.6,0:28,3.6,0.0,3.8,0:00,,0.0,0.0,hameele01
511,Leo Carlsson,ANA,C,0:45,70,14:48,6.2,3.8,3.6,3:27,2.9,7.2,0.7,0:52,3.1,2.9,12.6,carlsle01
512,Leon Draisaitl,EDM,C,0:55,65,17:31,5.3,4.2,3.4,3:35,-2.2,13.9,1.0,0:27,12.7,4.0,0.0,draisle01
513,Liam Foudy,NYI,C,0:41,1,11:17,-23.0,0.0,0.0,0:00,,,,0:00,,,,foudyli01
514,Liam O'Brien,UTA,C,0:38,38,9:07,-6.8,1.0,2.1,0:01,13.1,0.0,0.0,0:00,,,,obrieli01
515,Liam Ohgren,TOT,LW,0:44,69,12:22,-12.4,0.4,1.4,0:20,-23.1,0.0,0.0,0:28,,,,ohgreli01
516,Lian Bichsel,DAL,D,0:43,50,14:44,-1.1,2.3,1.8,0:00,,0.0,0.0,0:55,1.9,0.0,3.9,bichsli01
517,Linus Karlsson,VAN,C,0:39,79,11:08,6.4,2.7,4.5,1:21,-1.1,7.3,1.1,0:01,-14.2,0.0,29.5,karlsli01
518,Logan Cooley,UTA,C,0:47,54,14:16,-2.4,3.5,3.3,2:31,-4.5,10.1,0.4,0:31,12.1,4.2,6.3,coolelo01
519,Logan Mailloux,STL,D,0:44,67,15:26,-0.6,2.4,3.0,0:38,4.6,2.8,1.4,0:40,-1.1,1.3,6.6,mailllo01
520,Logan O'Connor,COL,RW,0:38,13,10:03,1.2,0.9,1.4,0:00,,0.0,0.0,1:23,5.3,0.0,0.0,oconnlo01
521,Logan Stankoven,CAR,C,0:53,81,13:51,2.7,3.3,2.5,1:33,-1.5,6.2,1.4,0:02,4.7,0.0,0.0,stanklo01
522,Logan Stanley,TOT,D,0:59,76,15:17,-1.5,3.0,1.6,0:26,,,,0:58,-8.4,0.0,9.3,stanllo01
523,Louis Crevier,CHI,D,0:46,78,15:09,-0.2,2.7,3.0,0:03,-29.8,0.0,0.0,1:55,0.9,1.6,4.8,crevilo01
524,Luca Cagnoni,SJS,D,0:54,3,15:14,-6.1,2.6,2.6,2:47,25.0,7.2,0.0,0:00,,,,cagnolu01
525,Luca Del Bel Belluz,CBJ,C,0:41,14,8:52,-7.8,1.0,1.9,0:13,14.6,0.0,0.0,0:00,,0.0,0.0,delbelu01
526,Luca Pinelli,CBJ,C,0:49,3,13:03,1.8,1.5,3.1,0:42,13.6,0.0,0.0,0:00,,,,pinellu01
527,Lucas Raymond,DET,LW/RW,0:51,80,15:19,4.0,3.4,3.2,3:15,2.9,9.2,0.7,0:13,8.0,0.0,0.0,raymolu01
528,Ludvig Jansson,FLA,D,0:33,4,16:16,-9.8,4.6,2.8,0:09,-8.3,92.3,0.0,0:50,-13.6,0.0,0.0,jansslu01
529,Lukas Reichel,TOT,LW,0:53,29,11:53,1.6,3.0,1.5,0:31,-6.8,0.0,7.2,0:01,,0.0,0.0,reichlu01
530,Luke Evangelista,NSH,RW,0:44,81,14:27,10.5,3.1,3.0,2:09,0.7,10.6,0.3,0:00,-13.9,0.0,0.0,evanglu01
531,Luke Glendening,TOT,C,0:33,70,8:50,-13.6,1.1,2.8,0:02,8.6,0.0,0.0,1:39,-7.0,0.8,8.3,glendlu01
532,Luke Haymes,TOR,F,0:40,4,12:01,7.3,2.5,5.0,0:22,-35.7,0.0,0.0,1:09,10.6,0.0,12.9,haymelu01
533,Luke Hughes,NJD,D,0:37,68,19:44,4.3,2.4,2.6,2:01,4.2,7.9,0.4,1:14,6.5,1.4,7.8,hughelu01
534,Luke Kunin,FLA,C,0:29,62,8:37,-7.9,2.2,2.9,0:03,10.1,0.0,0.0,1:00,-9.7,0.0,7.7,kuninlu01
535,Luke Schenn,TOT,D,0:36,50,12:02,-13.3,1.4,4.2,0:00,,,,1:37,39.5,7.3,0.0,schenlu01
536,Mackenzie MacEachern,VAN,LW,0:35,8,10:08,-3.0,3.7,3.7,0:00,,,,0:02,,0.0,0.0,maceama01
537,MacKenzie Weegar,TOT,D,0:33,79,18:46,1.1,1.9,3.8,1:58,5.4,4.3,0.0,1:42,0.4,1.1,6.7,weegama01
538,Mackie Samoskevich,FLA,RW,0:33,77,12:20,7.2,2.3,2.6,2:05,-0.2,6.0,0.4,0:02,24.5,0.0,0.0,samosma01
539,Macklin Celebrini,SJS,F,1:05,82,17:27,3.8,3.9,3.3,3:39,1.9,8.4,1.6,0:11,18.5,0.0,7.8,celebma01
540,Marat Khusnutdinov,BOS,C,0:43,77,12:50,-1.4,3.2,2.4,0:37,7.0,3.7,0.0,1:02,-2.4,0.0,9.8,khusnma01
541,Marc Gatcomb,NYI,F,0:33,49,10:03,0.0,1.3,1.7,0:01,13.5,0.0,0.0,0:00,,,,gatcoma01
542,Marc McLaughlin,NJD,F,0:41,7,8:09,-18.9,1.1,3.2,0:02,,0.0,0.0,0:00,,,,mclauma01
543,Marco Kasper,DET,C,0:46,81,12:15,0.1,1.8,3.0,0:46,-1.9,2.9,1.0,0:45,-0.1,1.0,13.6,kaspema01
544,Marco Rossi,TOT,C,1:08,50,14:35,8.5,2.8,4.2,2:24,-9.1,13.7,0.0,0:28,-2.3,0.0,20.7,rossima01
545,Marcus Foligno,MIN,LW,0:52,56,11:16,1.7,1.5,2.8,0:08,4.0,15.3,0.0,1:25,-2.4,0.7,4.5,foligma01
546,Marcus Johansson,MIN,C/W,0:49,75,13:30,3.0,3.6,2.5,1:15,-8.6,8.2,1.3,0:39,4.7,2.4,3.7,johanma03
547,Marcus Pettersson,VAN,D,0:42,82,18:38,-5.4,2.1,3.1,0:05,-10.4,0.0,0.0,2:42,-6.4,1.9,10.5,pettema01
548,Marek Alscher,FLA,D,0:39,4,18:44,4.5,4.8,1.6,0:00,,,,1:37,-4.2,0.0,9.3,alschma01
549,Mario Ferraro,SJS,D,0:39,82,17:35,-3.5,2.7,2.8,0:03,12.6,0.0,0.0,3:22,-4.8,0.2,8.2,ferrama01
550,Mark Jankowski,CAR,C,0:36,68,9:53,-0.9,2.4,1.8,0:15,1.3,13.2,0.0,0:59,-10.5,0.0,5.3,jankoma01
551,Mark Kastelic,BOS,C,0:43,82,10:29,-1.7,2.2,1.9,0:04,-6.4,10.4,10.4,2:03,0.4,0.4,9.6,kastema01
552,Mark Scheifele,WPG,C,1:00,82,18:02,2.5,3.9,3.8,3:09,-5.7,8.1,1.2,0:18,19.8,4.8,2.4,scheima01
553,Mark Stone,VEG,RW,0:51,60,14:35,6.0,4.5,2.7,3:27,5.3,11.9,0.9,1:09,-1.5,2.6,6.9,stonema01
554,Marshall Rifai,TOR,D,0:42,1,9:40,-32.0,6.2,6.2,0:00,,,,0:00,,,,rifaima01
555,Marshall Warren,NYI,D,0:41,8,11:12,-0.4,2.0,2.0,0:00,,,,0:16,-10.6,0.0,0.0,warrema01
556,Martin Fehérváry,WSH,D,0:57,81,16:24,-4.3,3.1,2.5,0:02,13.3,17.0,0.0,2:50,-5.0,0.5,7.3,feherma01
557,Martin Nečas,COL,C,0:52,78,17:23,0.2,4.8,2.3,4:05,6.8,7.7,1.5,0:01,-13.0,0.0,0.0,necasma01
558,Martin Pospisil,CGY,C,0:37,22,9:59,0.2,1.1,2.2,0:03,14.7,0.0,0.0,0:06,-2.3,0.0,26.5,pospima01
559,Mason Appleton,DET,C,0:44,65,12:12,-4.0,1.8,2.2,0:04,12.0,0.0,0.0,1:14,-0.2,0.7,6.7,applema01
560,Mason Geertsen,BUF,D,0:39,5,4:06,-3.0,0.0,2.9,0:00,,0.0,0.0,0:00,,,,geertma01
561,Mason Lohrei,BOS,D,0:37,73,15:24,-1.2,2.7,1.7,1:21,3.0,4.8,0.6,0:08,5.1,0.0,12.0,lohrema01
562,Mason Marchment,TOT,F,0:52,68,15:03,6.7,4.1,1.9,2:17,1.0,6.3,0.6,0:01,-12.0,0.0,0.0,marchma01
563,Mason McTavish,ANA,C,0:42,75,13:11,0.9,3.2,4.0,2:02,-1.8,5.5,0.8,0:05,9.3,0.0,0.0,mctavma01
564,Matěj Blümel,BOS,RW,0:54,4,9:22,1.6,0.0,3.2,1:30,-9.7,30.0,10.0,0:00,,,,blumema01
565,Mathew Barzal,NYI,C,1:07,81,17:09,5.8,3.5,2.8,3:28,5.0,6.8,1.3,0:01,86.4,0.0,0.0,barzama01
566,Mathew Dumba,PIT,D,0:37,11,14:49,-4.8,1.8,3.7,0:00,,0.0,0.0,0:06,17.7,0.0,52.9,dumbama01
567,Mathieu Joseph,TOT,RW,0:38,51,11:11,-4.6,0.5,1.6,0:02,,0.0,0.0,0:45,-9.3,0.0,0.0,josepma01
568,Mathieu Olivier,CBJ,F,0:48,61,13:21,-1.3,3.3,2.3,0:01,-23.2,0.0,30.8,0:50,-0.6,0.0,3.5,olivima01
569,Matias Maccelli,TOR,LW,0:44,71,12:49,2.3,2.8,4.2,1:44,-6.0,5.8,1.0,0:00,-10.5,,,maccema01
570,Mats Zuccarello,MIN,LW,1:06,59,15:00,3.1,3.0,3.3,3:36,7.8,9.6,0.3,0:01,39.0,0.0,43.9,zuccama01
571,Matt Benning,TOR,D,0:29,1,12:21,-11.5,0.0,0.0,0:00,,,,0:05,,0.0,0.0,bennima01
572,Matt Boldy,MIN,LW,1:02,76,15:00,4.7,3.7,2.8,3:51,8.0,9.2,0.4,1:42,3.4,1.8,9.2,boldyma01
573,Matt Duchene,DAL,C,0:43,57,14:10,-2.5,3.6,3.6,2:19,-1.8,10.9,1.4,0:00,,0.0,0.0,duchema01
574,Matt Grzelcyk,CHI,D,0:54,69,15:44,0.8,2.5,3.1,0:50,1.1,6.2,0.0,0:23,12.2,2.2,4.4,grzelma01
575,Matt Kiersted,MIN,D,0:46,6,13:44,-5.4,2.2,2.2,0:00,,,,1:59,2.0,0.0,5.0,kiersma01
576,Matt Luff,STL,RW,0:37,5,8:59,1.6,1.3,4.0,0:08,,0.0,0.0,0:00,,,,luffma01
577,Matt Rempe,NYR,C,0:53,26,8:17,1.3,1.7,2.8,0:18,4.8,7.5,0.0,0:00,-10.3,0.0,0.0,rempema01
578,Matt Roy,WSH,D,0:56,79,17:55,-0.4,2.8,2.2,0:07,6.9,6.1,0.0,2:33,2.3,0.9,6.8,royma04
579,Matthew Coronato,CGY,RW,0:37,80,13:51,0.9,2.1,3.6,2:46,2.0,6.7,0.3,0:00,-15.5,0.0,0.0,coronma01
580,Matthew Kessel,STL,D,0:50,29,12:07,-0.2,2.0,1.9,0:00,,0.0,0.0,0:24,7.2,0.0,0.0,kessema01
581,Matthew Knies,TOR,LW,0:37,79,14:58,-2.4,2.8,4.1,2:41,0.4,8.8,2.0,1:07,1.8,1.4,7.4,kniesma01
582,Matthew Poitras,BOS,C,0:41,3,11:21,6.8,1.8,0.0,0:45,-4.2,0.0,0.0,0:00,,,,poitrma01
583,Matthew Robertson,NYR,D,0:46,72,15:49,-0.9,2.4,2.5,0:03,-20.6,0.0,0.0,1:30,0.2,0.6,7.7,roberma02
584,Matthew Savoie,EDM,C,0:38,82,12:20,-0.1,3.1,2.8,0:49,0.4,8.8,1.8,1:36,-0.8,1.4,7.7,savoima01
585,Matthew Schaefer,NYI,D,0:46,82,20:16,2.7,3.3,2.7,3:18,4.8,6.4,1.1,1:05,6.3,1.3,5.4,schaema01
586,Matthew Tkachuk,FLA,LW/RW,0:50,31,14:24,6.4,3.2,3.6,3:34,5.8,9.2,1.6,0:19,17.8,0.0,6.0,tkachma01
587,Matthew Wood,NSH,RW,0:56,71,10:45,0.4,3.1,3.4,1:33,-8.0,8.1,0.0,0:00,85.2,180.0,0.0,woodma01
588,Mattias Ekholm,EDM,D,0:44,82,18:21,9.5,4.1,2.9,0:30,3.4,5.8,1.5,1:44,1.3,1.3,7.6,ekholma01
589,Mattias Janmark,EDM,C,0:41,43,10:20,-7.3,1.2,2.4,0:00,9.9,0.0,0.0,1:30,-1.6,0.9,9.3,janmama02
590,Mattias Samuelsson,BUF,D,0:40,78,19:51,-3.1,3.8,2.5,0:03,-68.6,0.0,0.0,2:55,-2.8,1.8,9.0,samuema02
591,Matty Beniers,SEA,C,0:44,82,16:04,2.6,3.0,3.1,2:39,5.2,7.2,1.7,0:32,0.8,0.0,8.1,beniema01
592,Matvei Gridin,CGY,F,0:36,37,13:12,-4.3,2.3,4.1,1:56,8.1,8.4,0.0,0:01,,0.0,0.0,gridima01
593,Matvei Michkov,PHI,RW,0:32,81,12:39,3.8,3.2,2.9,2:10,-3.6,5.8,1.7,0:00,-11.8,0.0,0.0,michkma01
594,Maveric Lamoureux,UTA,D,0:35,5,14:39,-1.3,4.1,0.8,0:00,,,,0:00,,,,lamouma01
595,Mavrik Bourque,DAL,C,0:47,82,14:09,5.4,2.9,2.6,1:07,-1.7,5.9,0.0,0:11,1.2,0.0,11.1,bourqma01
596,Max Domi,TOR,LW,0:32,80,13:30,0.6,2.4,4.0,1:21,0.8,4.9,0.0,0:00,-10.4,0.0,0.0,domima01
597,Max Jones,EDM,LW,0:45,21,8:19,3.4,2.7,1.7,0:01,,0.0,0.0,0:00,,,,jonesma03
598,Max Sasson,VAN,F,0:45,66,11:09,1.3,2.0,3.1,0:24,-0.4,4.5,0.0,0:09,-8.7,0.0,12.1,sassoma01
599,Max Shabanov,NYI,F,0:35,44,12:03,-5.0,2.7,3.2,1:37,-6.7,5.9,0.8,0:00,,,,shabama01
600,Maxim Groshev,TBL,RW,0:43,2,11:28,-3.6,2.6,0.0,0:00,,,,0:01,,0.0,0.0,groshma01
601,Maxim Tsyplakov,TOT,F,0:41,49,9:00,-4.9,0.6,3.2,0:07,14.1,0.0,0.0,0:00,,0.0,0.0,tsyplma01
602,Maxwell Crozier,TBL,D,0:44,35,14:38,0.8,2.6,2.0,0:01,-89.8,0.0,0.0,1:20,4.6,2.5,8.9,crozima01
603,Michael Amadio,OTT,C,0:36,81,14:53,-4.2,3.0,2.5,0:05,-0.8,0.0,0.0,1:08,4.4,2.0,5.9,amadimi01
604,Michael Anderson,LAK,D,0:57,80,18:12,-2.5,2.4,2.1,0:04,-6.4,0.0,10.8,2:17,-2.5,0.3,12.1,andermi02
605,Michael Benning,FLA,D,0:40,18,15:48,2.2,3.0,3.6,0:49,-3.1,4.0,4.0,0:15,-10.1,0.0,12.5,bennimi01
606,Michael Brandsegg-Nygard,DET,F,0:45,14,11:27,9.4,1.1,2.6,1:03,7.2,4.1,0.0,0:00,,,,brandmi01
607,Michael Bunting,TOT,LW,0:48,74,12:38,-1.1,1.2,3.7,1:47,-4.5,6.5,3.3,0:00,,0.0,0.0,buntimi01
608,Michael Callahan,BOS,D,0:31,5,11:43,9.3,3.1,4.1,0:01,,0.0,0.0,1:14,7.7,0.0,9.6,callami02
609,Michael Carcone,UTA,F,0:29,79,11:46,5.7,2.6,2.4,0:57,1.0,5.5,0.0,0:00,,0.0,0.0,carcomi01
610,Michael Eyssimont,BOS,C,0:59,56,10:12,3.7,2.2,2.5,0:39,5.3,6.5,0.0,0:02,-11.0,0.0,0.0,eyssimi01
611,Michael Kesselring,BUF,D,0:53,34,12:34,0.6,2.5,2.5,0:00,-87.1,0.0,0.0,0:49,2.7,0.0,4.3,kessemi01
612,Michael McCarron,TOT,RW,0:45,79,11:38,-1.9,2.0,2.5,0:04,-17.8,0.0,0.0,2:18,-1.7,1.7,6.6,mccarmi01
613,Michael Misa,SJS,F,0:57,45,11:38,1.4,3.0,3.2,1:09,1.2,5.7,0.0,0:00,,0.0,0.0,misami01
614,Michael Pezzetta,TOR,C,0:41,9,6:24,0.4,0.0,4.2,0:03,10.5,0.0,0.0,0:00,,,,pezzemi01
615,Michael Rasmussen,DET,C,0:40,64,11:03,-5.0,1.6,2.5,0:13,0.1,0.0,0.0,1:21,4.5,0.7,7.6,rasmumi01
616,Mika Zibanejad,NYR,C,0:49,81,15:39,1.8,2.9,3.6,3:16,2.7,10.2,1.8,1:57,-2.1,1.1,6.8,zibanmi01
617,Mikael Backlund,CGY,C,0:38,82,14:24,0.9,2.5,2.4,1:05,-3.7,5.4,1.3,2:27,1.7,1.8,8.4,backlmi01
618,Mikael Granlund,ANA,C,0:40,58,14:15,-1.8,3.2,3.8,3:10,0.9,7.2,0.7,1:44,-5.1,0.6,9.5,granlmi01
619,Mikael Pyyhtia,CBJ,LW,0:46,5,9:52,6.2,1.2,2.4,0:00,,,,0:22,-5.9,0.0,31.6,pyyhtmi01
620,Mike Matheson,MTL,D,0:52,78,19:56,-4.4,2.9,2.9,0:16,-8.5,5.3,2.7,3:56,3.9,1.6,8.6,mathemi01
621,Mike Reilly,CAR,D,0:31,42,13:53,0.3,2.8,1.9,0:07,9.8,0.0,0.0,0:57,2.1,3.0,8.9,reillmi01
622,Mikhail Sergachev,UTA,D,0:41,78,18:15,-1.0,3.2,3.2,3:10,1.0,9.2,0.7,2:52,3.4,1.1,7.2,sergami01
623,Mikko Rantanen,DAL,RW,0:39,64,16:14,0.0,3.2,2.8,3:55,-1.3,11.5,1.4,0:00,-10.5,0.0,0.0,rantami01
624,Mikulas Hovorka,FLA,D,0:47,4,13:39,-5.4,3.3,4.4,0:02,,0.0,0.0,1:12,-3.7,0.0,12.4,hovormi01
625,Miles Wood,CBJ,LW,0:51,54,11:04,-5.8,2.1,3.2,0:02,9.8,0.0,0.0,0:44,7.3,1.5,4.5,woodmi01
626,Miro Heiskanen,DAL,D,1:01,77,18:54,3.8,3.0,2.6,3:27,-0.3,12.6,1.1,3:06,-2.9,0.5,7.5,heiskmi01
627,Mitch Marner,VEG,RW,0:49,81,15:06,3.8,3.5,2.5,3:35,4.3,10.3,1.0,1:14,6.5,0.6,5.9,marnemi01
628,Mitchell Chaffee,TBL,F,0:36,11,8:40,0.9,0.6,1.9,0:49,-2.4,0.0,0.0,0:03,-9.0,0.0,0.0,chaffmi01
629,Morgan Barron,WPG,C,0:35,65,10:53,-2.5,2.3,2.0,0:02,11.9,0.0,0.0,1:52,-3.1,1.0,7.9,barromo01
630,Morgan Frost,CGY,C,0:38,82,12:48,1.2,2.6,3.4,2:40,0.0,7.9,0.5,0:01,,0.0,0.0,frostmo01
631,Morgan Geekie,BOS,C,0:53,81,14:24,0.6,3.1,2.9,2:59,-5.2,10.4,2.0,0:00,,0.0,0.0,geekimo01
632,Morgan Rielly,TOR,D,0:41,78,18:08,5.2,3.2,3.9,2:17,-2.4,7.7,1.3,0:42,1.1,3.3,9.8,riellmo01
633,Moritz Seider,DET,D,0:43,82,20:53,6.9,3.3,2.8,3:11,0.6,9.8,0.7,1:35,-1.4,0.5,8.3,seidemo01
634,Nate Danielson,DET,C,0:51,28,9:32,-0.2,1.3,2.9,1:29,-3.9,11.5,0.0,0:01,-9.2,0.0,0.0,daniena01
635,Nate Schmidt,UTA,D,0:38,82,17:05,2.2,3.5,2.3,0:36,-4.4,1.2,0.0,2:00,-3.8,1.1,6.9,schmina01
636,Nathan Bastian,DAL,RW,0:38,36,8:37,-3.1,2.3,1.5,0:00,,0.0,0.0,0:00,,,,bastina01
637,Nathan Gaucher,ANA,C,0:54,3,7:44,-10.3,0.0,2.6,0:00,,,,0:17,,0.0,0.0,gauchna01
638,Nathan Legare,NJD,RW,0:53,1,8:15,-26.3,0.0,0.0,0:00,,,,0:00,,,,legarna01
639,Nathan MacKinnon,COL,C,0:48,80,17:55,2.1,5.3,2.5,4:17,5.6,7.5,1.7,0:02,-13.2,0.0,0.0,mackina01
640,Nathan Walker,STL,C,0:41,46,10:56,-5.5,2.4,3.6,0:02,15.1,0.0,0.0,1:00,-0.6,1.3,11.6,walkena01
641,Nazem Kadri,TOT,C,0:58,77,15:43,1.7,2.1,3.7,3:15,-0.4,6.5,0.3,0:03,85.2,0.0,0.0,kadrina01
642,Neal Pionk,WPG,D,0:40,51,18:38,0.5,2.5,2.6,1:35,4.4,5.2,0.0,2:28,-3.5,0.9,9.0,pionkne01
643,Nic Dowd,TOT,C,0:37,75,12:15,-0.5,1.4,1.1,0:03,12.2,0.0,0.0,2:13,1.5,3.0,6.0,dowdni01
644,Nicholas Robertson,TOR,LW,0:38,78,11:28,-1.1,2.5,3.4,1:06,-0.1,4.9,0.0,0:05,14.7,0.0,0.0,roberni01
645,Nick Bjugstad,TOT,C,0:49,61,10:08,-11.1,2.0,2.9,0:04,,0.0,0.0,0:43,25.8,0.0,4.1,bjugsni01
646,Nick Blankenburg,TOT,D,0:43,61,14:03,-2.9,2.9,2.5,1:25,,,,1:19,-16.1,0.0,0.0,blankni01
647,Nick Cousins,OTT,C,0:35,81,11:21,-0.7,2.3,1.8,0:03,-39.7,0.0,0.0,0:00,,0.0,0.0,cousini01
648,Nick DeSimone,UTA,D,0:38,40,14:03,0.8,2.6,2.1,0:01,-8.8,0.0,0.0,0:07,-9.7,0.0,12.4,desimni01
649,Nick Foligno,TOT,LW,0:23,54,10:22,-0.4,2.3,2.2,1:03,5.2,5.7,0.0,1:13,-3.3,1.7,3.5,foligni01
650,Nick Jensen,OTT,D,0:41,61,16:09,-6.9,3.1,3.3,0:03,-5.0,18.9,0.0,0:48,9.9,2.5,12.3,jenseni02
651,Nick Lardis,CHI,LW,0:34,41,11:13,0.8,2.0,4.3,1:26,-6.0,4.1,0.0,0:00,,0.0,0.0,lardini01
652,Nick Leddy,SJS,D,0:45,32,16:33,-3.3,2.3,3.4,0:03,14.4,0.0,0.0,1:14,3.9,1.5,18.1,leddyni01
653,Nick Paul,TBL,LW,0:46,51,12:03,-3.2,1.8,3.1,1:12,-0.3,6.8,1.0,0:24,-13.5,0.0,5.8,paulni01
654,Nick Schmaltz,UTA,C,0:45,82,15:05,4.2,3.8,3.0,3:10,-0.4,8.5,0.7,1:28,-0.3,1.5,8.4,schmani01
655,Nick Seeler,PHI,D,0:43,80,15:40,1.3,2.1,2.2,0:02,11.3,0.0,0.0,1:58,3.8,1.5,6.5,seeleni01
656,Nick Suzuki,MTL,C,0:56,82,16:34,7.3,4.2,2.5,3:32,7.6,10.5,0.2,0:42,2.7,1.0,8.3,suzukni01
657,Nicklaus Perbix,NSH,D,0:55,79,16:09,-4.2,2.3,3.2,0:04,-25.0,0.0,0.0,2:53,-4.4,1.1,6.6,perbini01
658,Nico Hischier,NJD,C,0:37,82,15:51,4.2,2.7,3.0,3:02,-3.4,8.9,0.7,1:48,1.7,1.2,8.5,hischni01
659,Nico Sturm,MIN,C,0:45,49,9:09,-5.9,2.0,2.1,0:00,10.0,0.0,0.0,1:46,0.0,0.7,7.6,sturmni01
660,Nicolas Aubé-Kubel,MIN,RW,0:52,6,11:26,-1.1,2.6,1.7,0:11,12.5,0.0,0.0,0:00,,,,aubekni01
661,Nicolas Deslauriers,TOT,LW,0:44,31,8:29,1.1,1.7,1.7,0:00,,,,0:02,-19.4,0.0,0.0,deslani01
662,Nicolas Hague,NSH,D,0:47,62,17:29,0.3,2.3,2.9,0:04,-17.5,0.0,0.0,2:04,5.9,0.9,6.1,hagueni01
663,Nicolas Roy,TOT,C,0:32,74,12:06,-8.2,1.4,1.0,0:51,-7.1,2.8,2.8,1:29,-14.4,0.0,0.0,royni01
664,Nikita Chibrikov,WPG,RW,0:45,11,9:02,5.4,2.4,2.4,0:01,,0.0,0.0,0:08,84.0,0.0,0.0,chibrni01
665,Nikita Grebenkin,PHI,RW,0:36,55,11:04,1.1,2.0,2.7,0:12,-0.8,0.0,0.0,0:00,38.2,0.0,0.0,grebeni01
666,Nikita Kucherov,TBL,RW,0:51,76,16:04,5.6,5.6,3.2,4:14,1.5,8.7,1.1,0:01,55.7,38.3,0.0,kucheni01
667,Nikita Nesterenko,ANA,C,0:33,29,11:20,-5.3,2.2,2.6,0:04,-42.6,0.0,0.0,0:50,-8.0,0.0,7.3,nesteni02
668,Nikita Zadorov,BOS,D,0:40,81,18:09,-1.1,2.9,2.2,0:04,-4.6,9.5,0.0,2:38,0.5,0.0,9.0,zadorni01
669,Niko Mikkola,FLA,D,0:32,68,17:52,-1.2,2.2,2.5,0:08,2.2,0.0,0.0,2:20,6.7,1.5,5.6,mikkoni01
670,Nikolaj Ehlers,CAR,LW,0:41,82,13:40,1.4,3.4,2.8,2:54,-3.5,10.3,0.8,0:00,4.6,0.0,0.0,ehlerni01
671,Nikolas Matinpalo,OTT,D,0:31,50,14:04,-8.4,2.0,2.4,0:00,11.5,0.0,0.0,1:32,-4.7,2.3,7.8,matinni01
672,Nils Åman,VAN,C,0:34,2,8:39,-8.2,3.5,3.5,0:00,,,,0:00,,,,amanni01
673,Nils Höglander,VAN,LW,0:57,38,11:19,5.1,1.4,2.0,0:12,10.2,0.0,0.0,0:00,,0.0,0.0,hoglani01
674,Nils Lundkvist,DAL,D,0:47,52,16:16,-0.4,2.7,1.8,0:06,-2.7,22.0,0.0,0:06,14.2,0.0,0.0,lundkni01
675,Nino Niederreiter,WPG,RW,0:51,61,12:13,2.9,1.9,2.4,1:32,5.2,3.8,0.0,0:00,,0.0,0.0,niedeni01
676,Noah Cates,PHI,LW,0:43,82,12:30,0.9,3.2,1.7,2:03,0.1,5.7,1.1,1:41,2.2,1.3,5.2,catesno01
677,Noah Dobson,MTL,D,0:51,80,18:56,-1.3,3.2,3.0,1:31,-1.9,4.9,1.5,2:01,3.8,1.5,4.8,dobsono01
678,Noah Gregor,FLA,C,0:46,37,9:02,-6.9,2.0,3.6,0:13,-7.0,7.3,7.3,0:17,-2.0,0.0,0.0,gregono01
679,Noah Hanifin,VEG,D,0:51,71,20:11,1.4,2.6,2.6,0:47,-1.7,9.5,2.1,1:36,-0.7,1.6,5.8,hanifno01
680,Noah Juulsen,PHI,D,0:35,52,12:20,-1.6,2.7,2.4,0:00,,0.0,0.0,1:28,-3.1,0.0,7.8,juulsno01
681,Noah Laba,NYR,C,0:46,74,11:44,-4.3,2.1,1.9,0:32,-8.2,7.4,0.0,1:10,5.8,0.0,6.2,labano01
682,Noah Ostlund,BUF,C,0:42,60,12:35,2.8,2.9,2.1,1:19,-2.2,6.0,0.0,0:02,19.1,21.2,0.0,ostluno01
683,Noah Philp,TOT,F,0:50,17,9:12,-17.1,0.0,0.0,0:00,6.3,0.0,0.0,0:43,-14.3,0.0,22.4,philpno01
684,Noel Acciari,PIT,C,0:31,67,11:03,-3.1,3.2,2.2,0:04,7.9,12.5,0.0,2:34,-8.3,0.3,9.0,acciano01
685,Nolan Foote,FLA,LW,0:25,12,10:35,-0.6,1.4,3.3,0:00,,0.0,0.0,0:10,-20.9,0.0,0.0,footeno01
686,Olen Zellweger,ANA,D,0:42,76,15:20,1.7,3.0,3.0,0:45,3.8,5.2,0.0,0:52,3.0,2.7,4.5,zellwol01
687,Oliver Bjorkstrand,TBL,RW,0:58,80,10:30,-2.0,2.0,2.6,3:07,1.9,8.4,1.2,0:00,,,,bjorkol01
688,Oliver Bonk,PHI,D,0:34,1,14:27,2.3,12.5,8.3,0:00,,,,2:01,0.0,0.0,0.0,bonkol01
689,Oliver Ekman-Larsson,TOR,D,0:34,78,18:28,2.7,3.3,3.5,1:50,2.5,8.8,0.8,0:17,1.9,0.0,8.1,ekmanol01
690,Oliver Kapanen,MTL,C,0:27,82,11:56,-7.6,3.4,3.1,0:57,-8.9,2.3,2.3,1:34,-2.4,0.9,4.7,kapanol01
691,Oliver Moore,CHI,C,0:44,51,11:29,0.8,2.0,3.6,1:04,1.3,5.5,0.0,0:16,-3.2,0.0,4.2,mooreol01
692,Olle Lycksell,OTT,RW,0:30,7,9:52,-13.6,2.6,4.3,0:00,,,,0:00,,0.0,0.0,lycksol01
693,Olli Määttä,TOT,D,0:45,43,15:51,0.0,3.2,3.5,0:02,16.2,0.0,0.0,1:18,-8.1,1.1,9.8,maattol01
694,Ondřej Palát,TOT,LW,0:47,80,11:50,-2.1,2.5,3.0,0:45,1.3,5.9,0.0,0:12,-6.6,0.0,7.3,palaton01
695,Oscar Fisker Molgaard,SEA,C,0:40,13,9:10,5.6,1.0,0.0,0:00,,0.0,0.0,0:02,,0.0,0.0,fiskeos01
696,Oskar Back,DAL,C,0:47,72,10:02,0.2,2.2,1.6,0:01,,0.0,0.0,2:18,-2.6,1.1,6.9,backos01
697,Oskar Sundqvist,STL,C,0:39,52,10:36,-11.0,2.1,3.9,0:53,-5.5,3.9,1.3,1:27,-0.2,0.0,7.1,sundqos01
698,Otto Stenberg,STL,C,0:37,32,12:15,-2.5,1.8,1.5,0:17,8.5,0.0,0.0,1:04,8.6,1.7,5.2,stenbot01
699,Owen Beck,MTL,C,0:35,15,9:11,2.1,2.2,0.4,0:00,,0.0,0.0,0:00,,0.0,0.0,beckow01
700,Owen Pickering,PIT,D,0:37,4,12:03,-9.9,2.5,6.2,0:00,,0.0,0.0,0:02,,0.0,0.0,pickeow01
701,Owen Power,BUF,D,0:41,81,18:51,3.9,3.0,2.9,0:55,-4.3,3.2,0.0,1:52,0.9,2.4,4.8,powerow01
702,Owen Tippett,PHI,RW,0:46,81,14:12,1.9,3.0,3.2,2:13,0.9,4.7,1.7,0:25,2.2,7.0,8.7,tippeow01
703,Ozzy Wiesblatt,NSH,RW,0:48,40,9:30,-5.2,2.5,3.5,0:00,12.5,0.0,0.0,0:39,-3.7,0.0,6.9,wiesboz01
704,Parker Ford,WPG,F,0:38,15,9:02,-6.4,1.8,2.7,0:02,8.0,0.0,0.0,0:40,-5.3,0.0,0.0,fordpa01
705,Parker Kelly,COL,F,0:36,82,10:33,0.1,3.1,1.9,0:02,-22.2,0.0,0.0,2:06,-3.3,0.3,9.0,kellypa01
706,Parker Wotherspoon,PIT,D,0:41,80,17:45,1.6,3.1,2.6,0:02,-2.0,0.0,0.0,2:21,-4.5,1.3,6.4,wothepa01
707,Patrick Giles,SJS,F,0:37,3,8:29,2.1,2.4,0.0,0:00,,0.0,0.0,0:22,0.0,0.0,52.9,gilespa01
708,Patrick Kane,DET,RW,0:54,67,14:30,4.4,3.3,3.3,3:10,4.5,9.0,0.3,0:00,,0.0,0.0,kanepa01
709,Patrik Laine,MTL,RW,0:41,5,10:10,-15.8,1.2,4.7,2:26,3.8,0.0,0.0,0:00,,,,lainepa01
710,Paul Cotter,NJD,C,0:36,79,10:29,-9.4,1.4,3.1,0:10,6.4,4.4,0.0,0:01,-13.7,0.0,43.9,cottepa01
711,Pavel Buchnevich,STL,LW,0:41,81,13:51,2.7,3.0,3.5,2:23,-4.1,6.5,0.6,1:41,-5.4,0.4,9.2,buchnpa01
712,Pavel Dorofeyev,VEG,LW,0:39,82,14:09,5.6,2.8,2.7,3:26,8.8,10.0,0.9,0:00,,0.0,0.0,dorofpa01
713,Pavel Mintyukov,ANA,D,0:47,73,15:23,-4.3,2.6,2.9,0:47,-3.3,5.2,0.0,2:14,-3.5,1.1,8.1,mintypa01
714,Pavel Zacha,BOS,C,0:55,78,13:01,-0.7,3.8,3.3,2:56,0.1,10.5,1.6,0:53,-4.8,0.0,6.9,zachapa01
715,Pavol Regenda,SJS,F,0:47,24,11:43,0.8,3.2,4.1,1:28,4.5,11.9,0.0,0:09,-10.3,0.0,49.8,regenpa01
716,Peyton Krebs,BUF,C,0:36,82,13:33,-1.1,3.3,2.6,0:05,-10.7,8.3,0.0,0:07,-1.2,0.0,0.0,krebspe01
717,Philip Broberg,STL,D,0:46,81,19:37,-2.9,2.9,2.5,1:13,1.4,5.5,0.6,2:31,0.5,0.9,7.6,brobeph01
718,Philip Tomasino,PIT,C,0:50,9,11:55,-2.8,0.6,1.7,0:14,11.9,27.1,0.0,0:00,,,,tomasph01
719,Philipp Kurashev,SJS,C,1:04,43,13:02,1.4,3.1,3.0,1:50,-3.2,4.5,0.0,0:36,2.1,0.0,4.6,kurasph01
720,Philippe Myers,TOR,D,0:38,39,13:32,-2.9,2.2,3.4,0:00,15.1,0.0,0.0,1:00,5.2,1.5,10.7,myersph01
721,Phillip Danault,TOT,C,0:51,75,12:58,-1.4,2.0,1.3,0:36,-15.4,1.4,4.2,1:58,-6.6,1.9,11.2,danauph01
722,Pierre-Luc Dubois,WSH,C,0:46,29,14:20,0.3,3.2,3.6,2:17,1.0,5.4,0.9,0:11,-10.4,0.0,0.0,duboipi01
723,Pierre-Olivier Joseph,VAN,D,0:44,31,12:48,2.1,1.8,4.2,0:02,11.3,0.0,0.0,0:27,4.8,0.0,21.1,joseppi01
724,Pius Suter,STL,F,0:55,64,13:02,0.0,2.7,1.9,1:07,5.0,5.8,0.0,1:43,4.5,1.1,5.4,suterpi01
725,Pontus Holmberg,TBL,RW,0:28,70,13:02,0.9,2.3,2.2,0:08,6.2,0.0,0.0,0:09,-12.5,0.0,5.2,holmbpo01
726,Porter Martone,PHI,RW,0:37,9,14:47,7.2,3.6,1.4,2:11,-4.6,12.2,3.0,0:03,,0.0,0.0,martopo01
727,Quinn Hughes,TOT,D,0:56,74,23:27,6.8,3.8,3.4,4:09,10.1,10.1,0.3,0:06,27.6,0.0,11.7,hughequ01
728,Quinn Hutson,EDM,F,0:31,4,7:59,-8.7,1.9,3.8,0:00,,,,0:00,,,,hutsoqu01
729,Quinton Byfield,LAK,C,0:44,79,15:54,1.8,3.0,3.1,2:11,2.7,7.3,0.3,1:55,-5.2,0.4,12.2,byfiequ01
730,Radek Faksa,DAL,C,0:38,58,9:32,-3.5,1.6,1.7,0:01,12.9,0.0,0.0,2:10,0.1,1.4,8.5,faksara01
731,Radko Gudas,ANA,D,0:50,56,14:32,0.4,2.5,2.8,0:02,-4.9,0.0,0.0,1:36,1.9,1.3,8.0,gudasra01
732,Rafaël Harvey-Pinard,PIT,LW,0:42,1,11:01,3.2,5.4,0.0,0:00,,,,0:00,,,,harvera01
733,Raphael Lavoie,VEG,C,0:43,1,8:34,9.0,0.0,0.0,0:00,,,,0:00,,,,lavoira01
734,Rasmus Andersson,TOT,D,0:41,81,18:58,-3.9,3.1,3.0,1:59,-5.0,7.6,1.0,2:14,-3.5,1.4,5.7,anderra01
735,Rasmus Dahlin,BUF,D,0:44,77,19:54,3.8,3.7,2.8,3:28,2.1,8.3,1.3,0:48,3.9,1.0,3.9,dahlira01
736,Rasmus Ristolainen,PHI,D,0:39,44,18:22,0.7,3.0,2.3,1:19,-1.1,4.1,1.0,1:40,3.1,1.6,8.1,ristora01
737,Rasmus Sandin,WSH,D,0:49,73,16:57,-3.1,2.9,2.7,0:49,5.2,3.0,1.0,1:25,0.1,0.6,7.5,sandira01
738,Reid Schaefer,NSH,LW,0:59,47,9:31,-6.0,1.2,2.8,0:00,,0.0,0.0,0:06,-15.5,0.0,0.0,schaere01
739,Reilly Smith,VEG,RW,0:33,69,12:21,-1.8,2.3,2.8,0:25,-5.1,4.2,4.2,0:54,-1.3,1.0,6.7,smithre01
740,Rickard Rakell,PIT,RW,0:39,60,15:04,0.1,3.5,3.4,3:17,7.2,9.4,1.8,0:34,5.7,3.4,10.3,rakelri01
741,Ridly Greig,OTT,C,0:40,77,13:37,-1.9,3.4,2.7,0:59,-1.4,6.3,1.6,2:04,-1.6,1.1,7.9,greigri01
742,Riley Stillman,EDM,D,0:36,4,12:02,-8.7,2.5,1.2,0:00,,,,0:00,,,,stillri01
743,Riley Tufte,BOS,LW,0:47,4,10:23,-7.1,0.0,1.4,1:17,13.0,11.7,0.0,0:00,,,,tufteri01
744,Robby Fabbri,TOT,C,0:49,21,11:26,-7.9,2.0,3.1,0:13,,,,0:08,,0.0,0.0,fabbrro01
745,Robert Thomas,STL,C,0:41,64,15:08,5.5,4.0,2.7,2:33,1.9,7.3,0.7,1:18,-5.1,2.1,8.6,thomaro01
746,Roby Jarventie,EDM,LW,0:36,3,7:49,1.5,0.0,2.6,0:10,,0.0,0.0,0:00,,,,jarvero01
747,Rodrigo Abols,PHI,C,0:40,42,9:48,-6.3,1.7,2.2,0:02,10.1,0.0,0.0,0:39,4.7,4.4,11.0,abolsro01
748,Roman Josi,NSH,D,0:57,68,20:24,0.4,3.1,3.7,3:16,8.3,9.4,0.5,1:11,3.8,0.7,3.0,josiro01
749,Ronan Seeley,CAR,D,0:45,1,14:33,1.6,4.1,4.1,0:00,,,,0:39,,0.0,0.0,seelero01
750,Roope Hintz,DAL,LW,0:38,53,13:42,5.4,4.0,2.3,3:05,5.9,13.6,1.5,0:33,2.9,0.0,10.2,hintzro01
751,Rory Kerins,CGY,C,0:52,4,13:20,-3.8,0.0,1.1,1:35,-5.2,0.0,0.0,0:04,-25.7,0.0,0.0,kerinro01
752,Ross Colton,COL,C,0:35,73,11:41,3.5,3.2,2.5,0:47,-2.7,1.0,1.0,0:02,36.5,0.0,0.0,coltoro01
753,Ross Johnston,ANA,LW,0:39,62,9:42,-4.2,2.7,2.7,0:02,11.2,0.0,0.0,0:00,,,,johnsro02
754,Rutger McGroarty,PIT,RW,0:39,24,11:32,6.2,2.6,3.2,0:09,-9.2,0.0,0.0,0:15,-12.8,0.0,0.0,mcgroru01
755,Ryan Donato,CHI,C,0:43,82,13:19,3.2,2.1,3.0,1:24,0.0,3.6,0.5,0:00,,0.0,0.0,donatry01
756,Ryan Graves,PIT,D,0:51,22,14:46,0.9,2.0,2.8,0:00,,0.0,0.0,0:31,-4.3,5.2,0.0,gravery01
757,Ryan Greene,CHI,C,0:20,81,13:45,-2.2,2.5,3.3,1:17,-2.6,5.7,1.1,1:41,-1.2,1.3,8.8,greenry01
758,Ryan Hartman,MIN,RW,1:05,76,14:56,1.4,2.6,2.5,1:45,-2.0,9.0,0.9,0:03,-9.1,0.0,0.0,hartmry01
759,Ryan Johnson,BUF,D,0:51,3,8:43,-9.7,2.3,2.3,0:00,,,,0:16,,0.0,0.0,johnsry03
760,Ryan Leonard,WSH,RW,0:37,75,12:03,-3.2,3.0,2.4,2:20,-0.8,8.2,2.4,0:00,,0.0,0.0,leonary01
761,Ryan Lindgren,SEA,D,0:44,76,15:45,-1.9,2.2,2.4,0:03,-33.3,0.0,0.0,2:31,2.2,0.3,10.6,lindgry01
762,Ryan Lomberg,CGY,LW,0:42,57,8:58,-3.4,1.6,2.1,0:01,15.2,0.0,0.0,0:02,-15.5,0.0,0.0,lombery01
763,Ryan McDonagh,TBL,D,0:55,48,16:00,-3.6,3.3,2.3,0:08,-7.9,8.9,0.0,3:06,-4.2,0.8,6.4,mcdonry01
764,Ryan McLeod,BUF,C,0:36,81,13:35,1.4,4.1,3.2,1:35,-2.1,6.1,0.0,2:26,3.8,2.4,8.2,mcleory01
765,Ryan Nugent-Hopkins,EDM,C,0:56,72,14:10,-0.5,3.1,3.3,3:31,-1.8,13.7,1.4,1:21,-3.7,0.6,11.7,nugenry01
766,Ryan O'Reilly,NSH,C,0:46,81,15:35,3.2,3.3,3.1,2:52,8.3,9.3,0.3,1:56,5.7,1.5,5.0,oreilry01
767,Ryan Poehling,ANA,C,0:32,75,12:16,-4.4,3.2,2.9,0:19,1.1,5.0,2.5,2:28,1.6,1.3,8.7,poehlry01
768,Ryan Pulock,NYI,D,0:38,76,17:58,-5.0,2.5,2.4,0:07,-3.9,6.1,0.0,2:42,-5.8,1.5,9.0,pulocry01
769,Ryan Reaves,SJS,RW,0:33,50,7:46,-4.8,1.4,3.2,0:01,11.5,0.0,0.0,0:00,-7.7,0.0,0.0,reavery01
770,Ryan Shea,PIT,D,0:38,80,16:27,-2.0,4.0,2.6,0:10,-10.8,0.0,4.5,2:16,5.9,0.7,7.9,sheary01
771,Ryan Strome,TOT,C,0:35,52,11:57,3.1,2.5,3.3,1:15,4.4,4.4,1.5,0:05,84.8,300.0,0.0,stromry01
772,Ryan Tverberg,TOR,C,1:01,2,9:52,-6.0,3.0,0.0,0:00,,,,0:00,,,,tverbry01
773,Ryan Ufko,NSH,D,0:35,18,12:13,-0.1,3.0,3.0,1:34,-2.8,6.3,0.0,0:04,-13.9,0.0,0.0,ufkory01
774,Ryan Winterton,SEA,C,0:46,68,10:59,-0.6,2.4,2.4,0:02,-31.7,0.0,0.0,0:57,-1.5,0.0,12.9,wintery01
775,Ryker Evans,SEA,D,0:40,67,16:29,-0.5,2.8,2.6,0:21,-1.1,12.8,0.0,0:58,0.3,0.9,6.5,evansry01
776,Sacha Boisvert,CHI,F,0:51,7,9:14,-1.1,1.9,2.8,0:00,,,,0:00,,,,boisvsa01
777,Sam Bennett,FLA,C,0:48,76,14:22,3.2,3.6,3.9,3:15,3.0,7.3,1.2,0:51,6.3,0.0,3.7,bennesa01
778,Sam Carrick,TOT,C,0:47,73,9:27,-3.1,3.8,1.9,0:00,,0.0,0.0,0:59,-12.9,0.0,13.1,carrisa01
779,Sam Colangelo,ANA,RW,0:38,9,9:43,-6.4,1.4,3.4,0:26,7.6,0.0,0.0,0:00,,,,colansa01
780,Sam Dickinson,SJS,D,0:41,72,15:32,1.0,3.0,3.3,0:18,-10.8,0.0,0.0,0:54,7.8,0.0,9.2,dickisa01
781,Sam Lafferty,CHI,C/LW,0:25,29,8:35,2.1,1.7,2.2,0:00,,0.0,0.0,0:00,,,,laffesa01
782,Sam Malinski,COL,D,0:48,82,16:37,3.6,3.3,1.4,0:14,-12.1,3.0,3.0,0:44,-0.7,0.0,2.9,malinsa01
783,Sam Morton,CGY,F,0:49,3,8:02,-7.8,0.0,2.5,0:02,,0.0,0.0,1:15,5.7,0.0,0.0,mortosa01
784,Sam Reinhart,FLA,C,0:45,64,15:09,-0.9,2.6,3.7,4:10,5.0,8.5,1.3,1:57,7.4,2.4,8.1,reinhsa01
785,Sam Rinzel,CHI,D,0:49,54,16:01,-0.1,2.6,3.1,2:02,0.4,4.4,0.0,0:12,-1.1,0.0,5.5,rinzesa01
786,Sam Steel,DAL,C,0:51,73,13:31,-1.8,2.5,2.3,0:27,-3.8,10.7,0.0,2:04,2.9,0.0,5.9,steelsa01
787,Sammy Blais,TOT,LW,0:42,21,8:22,0.5,2.7,0.5,0:03,,0.0,0.0,0:00,,0.0,0.0,blaissa01
788,Samuel Girard,TOT,D,0:47,60,17:04,1.5,3.4,2.4,0:05,-22.7,0.0,0.0,0:55,2.7,0.0,2.9,girarsa01
789,Samuel Helenius,LAK,C,0:32,53,7:56,-4.6,1.6,2.4,0:01,,0.0,0.0,0:00,-12.6,0.0,0.0,helensa02
790,Samuel Honzek,CGY,LW,0:33,18,10:56,1.8,3.0,2.7,0:04,,0.0,0.0,1:19,-10.4,0.0,5.0,honzesa01
791,Samuel Poulin,PIT,RW,0:50,2,13:14,1.2,0.0,4.5,0:00,,,,0:34,0.0,0.0,0.0,poulisa01
792,Sandis Vilmanis,FLA,LW,0:37,19,10:04,-0.5,2.2,2.5,0:14,-15.9,0.0,0.0,0:04,6.4,0.0,37.9,vilmasa01
793,Scott Laughton,TOT,C,0:55,64,11:58,-5.5,1.9,2.4,0:21,4.0,8.5,0.0,2:01,-2.4,0.0,9.7,laughsc01
794,Scott Mayfield,NYI,D,0:45,80,14:51,-5.7,2.0,2.8,0:01,12.4,0.0,0.0,1:36,2.2,1.9,2.8,mayfisc01
795,Scott Morrow,NYR,D,0:36,29,14:12,2.9,1.9,2.5,1:26,-2.5,5.8,1.4,0:01,,0.0,0.0,morrosc02
796,Scott Sabourin,TBL,F,0:33,26,7:56,-6.4,2.3,2.0,0:00,,0.0,0.0,0:00,,,,sabousc01
797,Seamus Casey,NJD,D,0:43,2,18:00,-4.6,0.0,5.0,0:00,,,,0:00,,,,caseyse01
798,Sean Couturier,PHI,C,0:32,78,13:25,1.9,2.7,2.9,0:51,-0.7,3.6,1.8,2:21,-1.7,0.0,10.1,coutuse01
799,Sean Durzi,UTA,D,0:41,60,17:34,1.0,2.6,3.2,1:18,-3.8,3.8,0.0,0:22,0.1,0.0,18.7,durzise01
800,Sean Kuraly,BOS,C,0:36,82,10:33,1.1,2.3,2.3,0:02,-6.4,0.0,0.0,2:43,-0.9,0.0,8.3,kuralse01
801,Sean Monahan,CBJ,C,0:39,78,13:30,2.1,3.1,3.1,1:56,-0.6,6.7,0.8,1:41,-1.5,0.9,11.4,monahse01
802,Sean Walker,CAR,D,0:46,81,19:08,1.9,3.0,2.9,0:45,-0.9,2.9,1.0,1:55,2.0,2.3,8.1,walkese01
803,Sebastian Aho,CAR,F,0:48,79,14:45,2.7,3.6,3.4,3:09,0.6,11.5,0.2,1:41,16.7,4.0,6.7,ahose01
804,Seth Jarvis,CAR,C/RW,0:45,71,14:10,-0.1,3.3,3.3,3:07,1.3,10.8,0.3,1:34,12.6,4.3,5.4,jarvise01
805,Seth Jones,FLA,D,0:43,52,17:50,0.6,2.8,3.0,3:33,6.9,7.8,1.0,2:17,9.1,1.5,6.0,jonesse01
806,Shakir Mukhamadullin,SJS,D,0:40,50,15:40,-4.7,2.4,2.7,0:03,12.9,0.0,0.0,1:24,-1.9,0.9,6.9,mukhash01
807,Shane Lachance,NJD,LW,0:55,1,7:25,-20.4,0.0,0.0,0:00,,,,0:00,,,,lachash01
808,Shane Pinto,OTT,C,0:43,72,14:37,-4.8,3.1,3.0,1:49,-1.5,5.9,0.5,2:15,2.7,1.5,9.2,pintosh01
809,Shane Wright,SEA,C,0:47,74,12:10,2.0,2.3,1.8,1:35,-3.9,7.1,0.5,0:01,-5.7,0.0,0.0,wrighsh01
810,Shayne Gostisbehere,CAR,D,0:47,55,16:00,-0.6,3.7,2.9,3:09,3.0,9.3,0.3,0:03,-3.6,0.0,0.0,gostish01
811,Shea Theodore,VEG,D,0:42,70,19:58,1.5,3.2,2.4,1:22,-1.8,6.8,1.2,1:28,2.6,1.2,5.8,theodsh01
812,Sheldon Dries,DET,C,0:46,5,6:14,-22.5,0.0,0.0,0:04,,0.0,0.0,0:39,30.4,0.0,18.4,driessh01
813,Sidney Crosby,PIT,C,0:46,68,16:05,-0.2,3.9,3.5,3:05,8.3,9.4,2.3,0:02,38.1,0.0,0.0,crosbsi01
814,Simon Benoit,TOR,D,0:36,73,15:24,-6.8,1.8,3.0,0:00,,0.0,0.0,1:53,2.6,0.9,5.7,benoisi01
815,Simon Edvinsson,DET,D,0:52,72,20:31,4.3,2.9,2.6,0:14,-4.6,3.5,0.0,1:35,2.7,1.6,8.4,edvinsi01
816,Simon Holmström,NYI,RW,0:41,79,13:17,-0.8,3.0,2.9,1:24,-6.5,3.8,1.6,2:01,2.6,1.9,6.4,holmssi01
817,Simon Lundmark,TBL,D,0:39,1,16:45,-15.2,3.6,0.0,0:00,,,,0:00,,,,lundmsi01
818,Simon Nemec,NJD,D,0:48,68,18:07,-2.0,2.8,3.4,1:13,4.5,4.3,0.0,0:19,-6.5,2.8,8.3,nemecsi01
819,Skyler Brind'Amour,CAR,C,0:46,4,12:48,0.5,0.0,2.3,0:12,,0.0,0.0,2:00,1.5,0.0,0.0,brindsk01
820,Sonny Milano,WSH,LW,0:42,31,7:50,0.3,3.0,2.5,1:02,-13.3,3.7,3.7,0:00,,,,milanso01
821,Spencer Stastney,TOT,D,0:40,66,14:00,-6.8,1.7,2.9,0:03,-88.4,0.0,0.0,1:26,-6.4,0.0,6.9,stastsp01
822,Stefan Noesen,NJD,RW,0:41,38,10:05,-3.7,0.9,2.8,1:36,2.9,6.8,0.0,0:03,-10.5,0.0,0.0,noesest01
823,Stephen Halliday,OTT,C,0:37,30,6:34,3.6,2.7,1.8,1:55,-2.4,7.3,3.1,0:00,,0.0,0.0,hallist01
824,Steven Lorentz,TOR,C/LW,0:42,71,9:37,-2.8,2.3,2.7,0:00,,0.0,0.0,2:13,1.2,1.1,7.6,lorenst01
825,Steven Santini,TBL,D,0:39,12,10:08,-12.0,2.0,1.5,0:00,,0.0,0.0,0:10,-10.7,0.0,0.0,santist01
826,Steven Stamkos,NSH,C,0:48,82,14:36,1.2,3.0,3.8,3:11,7.8,9.6,0.5,0:01,-14.0,0.0,28.3,stamkst01
827,T.J. Tynan,COL,C,0:33,1,8:13,-15.9,7.3,0.0,0:00,,,,0:00,,,,tynant.01
828,Tage Thompson,BUF,C,0:34,81,15:41,2.1,3.5,3.5,3:30,1.0,8.2,1.3,0:03,11.2,14.7,0.0,thompta01
829,Tanner Jeannot,BOS,F,0:49,77,11:12,-0.2,2.0,2.3,0:04,-6.1,10.1,0.0,1:21,3.8,0.0,6.3,jeannta01
830,Tanner Laczynski,VEG,C,0:38,10,9:59,-1.2,3.0,3.0,0:38,12.2,9.3,0.0,0:08,-12.7,0.0,41.9,laczyta01
831,Tanner Pearson,TOT,LW,0:40,56,9:41,-3.9,4.6,1.5,0:10,6.4,0.0,0.0,0:57,,,,pearsta01
832,Taylor Hall,CAR,LW,0:43,80,12:52,0.3,3.3,2.8,1:39,-1.6,5.4,1.4,0:00,-20.5,0.0,0.0,hallta02
833,Taylor Makar,COL,LW,0:39,12,6:12,-8.2,0.8,0.8,0:00,,,,0:00,,,,makarta01
834,Taylor Raddysh,NYR,RW,0:47,68,10:39,-3.5,2.1,1.8,0:24,0.2,4.4,0.0,0:47,4.2,2.3,9.0,raddyta01
835,Taylor Ward,LAK,F,0:24,36,8:50,-2.4,2.1,2.1,0:37,-0.1,0.0,0.0,0:00,,,,wardta01
836,Teddy Blueger,VAN,C,0:39,35,14:31,-0.3,2.5,4.4,0:06,9.5,14.9,0.0,1:52,4.1,3.7,9.2,bluegte01
837,Teuvo Teräväinen,CHI,F,0:27,75,12:51,1.3,1.7,3.6,2:48,3.5,8.0,0.3,2:05,-3.3,0.4,5.0,teravte01
838,Theo Lindstein,STL,D,0:41,17,15:16,3.8,2.5,1.2,0:05,-83.0,0.0,0.0,0:23,13.7,0.0,0.0,lindsth01
839,Thomas Chabot,OTT,D,0:48,57,18:34,-1.2,3.7,3.4,2:23,-3.4,5.3,0.9,1:36,9.2,1.3,9.1,chaboth01
840,Thomas Harley,DAL,D,0:56,70,20:02,-0.6,2.9,2.7,1:38,-3.0,7.3,1.0,1:22,1.9,1.2,9.4,harleth01
841,Thomas Novak,PIT,C,0:45,82,13:05,2.0,3.1,3.0,1:10,-6.8,7.4,1.2,0:00,20.9,0.0,0.0,novakth01
842,Tim Stützle,OTT,LW,0:53,80,14:57,2.8,3.6,3.3,3:27,3.7,10.2,0.4,1:51,6.0,1.2,8.9,stuetti02
843,Tim Washe,ANA,F,0:45,39,10:08,-5.6,1.7,2.6,0:01,14.7,0.0,0.0,1:53,-3.4,0.0,7.3,washeti01
844,Timo Meier,NJD,RW,0:46,77,16:22,4.4,2.6,3.3,2:00,-1.2,6.2,0.4,0:08,1.7,0.0,0.0,meierti01
845,Timothy Liljegren,TOT,D,0:50,47,16:53,-3.6,2.6,3.3,0:48,-8.1,4.8,0.0,2:09,3.5,0.6,10.2,liljeti01
846,Tobias Björnfot,FLA,D,0:40,19,13:34,-2.6,2.8,2.6,0:01,,0.0,0.0,0:34,10.4,0.0,5.2,bjornto01
847,Tom Willander,VAN,D,0:29,70,15:19,-5.0,2.2,3.5,1:11,1.7,4.3,1.4,0:28,10.5,1.8,12.4,willato01
848,Tom Wilson,WSH,RW,0:53,72,14:30,5.7,4.0,2.9,2:50,1.6,6.4,1.5,2:06,1.5,0.4,7.1,wilsoto01
849,Tomáš Hertl,VEG,C,0:40,82,13:25,5.7,2.9,3.5,3:28,6.6,10.6,1.1,0:08,-0.5,0.0,5.4,hertlto01
850,Tomáš Nosek,FLA,C,0:35,21,11:52,-4.0,1.2,3.1,0:01,,0.0,0.0,2:13,-7.9,0.0,7.7,nosekto01
851,Tony DeAngelo,NYI,D,0:47,76,17:28,4.9,2.6,2.7,1:35,-5.7,4.4,1.5,0:03,26.3,0.0,0.0,deangan01
852,Topias Vilen,NJD,D,0:44,2,15:19,-0.8,2.0,0.0,0:00,,,,0:08,-31.3,0.0,0.0,vilento01
853,Travis Hamonic,DET,D,0:38,26,12:41,-9.0,1.5,3.5,0:02,,0.0,0.0,1:38,0.7,0.0,4.2,hamontr01
854,Travis Konecny,PHI,RW,0:51,77,15:24,-0.9,3.5,2.7,2:49,-3.0,5.5,1.4,0:52,0.7,1.8,6.3,konectr01
855,Travis Mitchell,NYI,D,0:35,9,11:27,-7.1,1.7,1.7,0:00,,,,0:05,-9.5,0.0,0.0,mitchtr01
856,Travis Sanheim,PHI,D,0:56,81,19:57,0.2,3.1,2.7,1:06,-2.3,5.4,2.0,3:09,-1.1,0.9,8.0,sanhetr01
857,Trent Frederic,EDM,C,0:50,74,10:54,-4.6,1.3,2.5,0:07,-0.8,0.0,0.0,0:00,,0.0,0.0,fredetr01
858,Trevor Kuntar,BUF,C,0:43,1,5:12,-19.4,0.0,11.5,0:00,,,,0:00,,,,kuntatr01
859,Trevor Moore,LAK,LW,0:45,69,14:18,3.2,2.5,2.6,0:43,4.8,4.8,1.2,1:41,7.4,1.0,6.7,mooretr01
860,Trevor van Riemsdyk,WSH,D,0:34,68,14:27,-1.9,2.6,2.3,0:04,-8.8,0.0,0.0,1:43,1.1,1.0,6.2,vanritr01
861,Trevor Zegras,PHI,C,0:55,81,15:42,2.7,3.2,3.0,2:59,3.1,7.4,1.0,0:01,-12.1,0.0,24.3,zegratr01
862,Tristan Broz,PIT,C,0:37,1,11:30,-16.3,0.0,5.2,0:00,,,,0:00,,,,broztr01
863,Tristan Luneau,ANA,D,0:47,1,11:37,19.8,10.3,0.0,0:00,,,,0:00,,,,luneatr01
864,Tristen Nielsen,COL,F,0:32,4,6:18,2.1,2.4,0.0,0:00,,,,0:00,,,,nielstr01
865,Troy Stecher,TOT,D,0:45,64,17:11,-9.6,1.5,1.5,0:02,,,,1:57,-13.7,0.0,0.0,stechtr01
866,Troy Terry,ANA,C/RW,0:43,61,14:13,3.8,4.1,3.6,3:11,3.4,7.4,0.3,0:55,10.7,4.3,10.6,terrytr01
867,Ty Dellandrea,SJS,C,0:56,46,11:25,-9.4,1.6,3.9,0:08,-9.7,0.0,0.0,2:37,1.5,1.0,8.4,dellaty01
868,Ty Emberson,EDM,D,0:51,72,14:13,-6.0,2.0,2.1,0:00,,0.0,0.0,1:17,-3.6,0.0,9.1,emberty01
869,Ty Mueller,VAN,C,0:38,6,10:51,2.5,1.8,0.9,0:00,,,,0:00,,,,muellty01
870,Ty Murchison,PHI,D,1:05,3,14:02,-3.1,2.8,1.4,0:00,,,,0:57,-3.5,0.0,0.0,murchty01
871,Tye Kartye,TOT,F,0:40,64,10:37,-1.5,3.6,3.6,0:02,15.0,0.0,0.0,1:18,-7.0,0.0,9.4,kartyty01
872,Tyler Bertuzzi,CHI,LW,0:35,79,15:12,3.0,3.1,3.8,3:14,1.0,7.5,0.5,0:00,-10.0,0.0,0.0,bertuty01
873,Tyler Kleven,OTT,D,0:29,70,15:40,-0.1,2.3,2.4,0:06,-4.2,0.0,0.0,1:33,7.2,1.6,6.0,klevety01
874,Tyler Myers,TOT,D,0:40,73,16:54,-4.7,3.2,2.9,0:05,12.3,0.0,0.0,2:31,13.1,2.3,4.5,myersty01
875,Tyler Pitlick,MIN,C,0:46,32,7:43,-7.5,1.2,2.2,0:01,10.0,0.0,0.0,0:00,-7.5,0.0,0.0,pitlity01
876,Tyler Seguin,DAL,C,0:40,27,14:17,0.2,3.3,1.6,2:04,1.1,8.5,1.1,0:17,18.3,0.0,0.0,seguity01
877,Tyler Toffoli,SJS,C,0:39,79,12:01,2.4,3.0,3.5,2:56,4.0,8.0,1.0,0:00,-7.9,0.0,0.0,toffoty01
878,Tyler Tucker,STL,D,0:49,69,13:14,3.8,3.0,3.4,0:02,16.1,0.0,0.0,1:05,-0.4,1.6,16.0,tuckety01
879,Tyson Foerster,PHI,RW,0:39,29,13:52,-1.9,3.0,1.5,2:13,1.7,10.2,1.9,1:12,2.2,0.0,3.4,foersty01
880,Tyson Gross,CGY,F,0:37,6,10:03,-11.3,3.0,5.0,0:00,,0.0,0.0,0:58,25.4,0.0,0.0,grossty01
881,Tyson Hinds,ANA,D,1:00,6,14:53,5.3,2.0,1.3,0:00,,,,0:43,-11.5,0.0,27.7,hindsty01
882,Tyson Jost,NSH,C,0:46,69,11:00,-1.1,1.6,3.6,0:01,-37.9,0.0,0.0,1:22,1.4,2.5,5.7,jostty01
883,Tyson Kozak,BUF,C,0:40,46,10:17,-10.6,1.6,1.9,0:02,-8.1,0.0,0.0,0:56,-0.7,1.4,6.9,kozakty01
884,Urho Vaakanainen,NYR,D,0:50,34,13:13,2.4,2.1,2.1,0:00,,0.0,0.0,0:37,-3.1,0.0,8.4,vaakaur01
885,Uvis Balinskis,FLA,D,0:35,54,14:38,-2.2,2.3,3.3,1:14,3.5,7.1,1.8,0:29,3.6,4.6,0.0,balinuv01
886,Valeri Nichushkin,COL,RW,0:49,72,14:06,1.2,3.8,3.0,1:54,-3.3,4.8,3.1,1:42,1.6,0.5,1.5,nichuva01
887,Vasily Podkolzin,EDM,RW,0:50,82,14:17,4.2,3.2,2.4,0:27,3.3,7.9,0.0,0:37,-7.6,0.0,10.5,podkova01
888,Victor Eklund,NYI,RW,0:50,1,13:01,4.2,4.6,4.6,2:29,0.0,0.0,0.0,0:00,,,,eklunvi01
889,Victor Hedman,TBL,D,1:01,33,14:40,-0.4,3.1,3.2,2:12,-1.0,6.6,0.0,1:59,7.8,0.0,4.6,hedmavi01
890,Victor Mancini,VAN,D,0:50,24,13:18,-7.4,1.7,3.9,0:05,9.7,0.0,0.0,0:19,-4.9,0.0,23.0,mancivi01
891,Victor Olofsson,TOT,RW,0:46,78,11:28,-0.2,2.6,2.6,2:05,-3.9,0.0,2.2,0:00,,0.0,0.0,olofsvi01
892,Victor Söderström,BOS,D,0:50,8,13:34,-9.5,3.3,1.7,0:03,10.9,0.0,0.0,0:02,-10.7,0.0,0.0,sodervi01
893,Viking Gustafsson Nyberg,MIN,D,0:47,2,17:04,-10.6,5.3,3.5,0:00,,,,4:13,-9.1,0.0,7.1,gustavi02
894,Viktor Arvidsson,BOS,LW,0:54,69,12:37,0.6,4.1,2.3,1:58,5.1,7.5,2.2,0:00,-12.0,0.0,0.0,arvidvi01
895,Ville Heinola,WPG,D,0:41,5,12:56,11.0,1.9,1.9,1:07,-15.1,0.0,0.0,0:02,,0.0,0.0,heinovi01
896,Ville Koivunen,PIT,RW,0:52,39,11:47,8.0,1.4,2.6,0:56,-6.3,8.2,1.6,0:00,,0.0,0.0,koivuvi01
897,Vince Dunn,SEA,D,0:41,81,18:50,1.1,2.5,3.2,2:44,3.6,7.5,1.6,0:04,7.6,0.0,19.5,dunnvi02
898,Vincent Desharnais,SJS,D,0:37,53,14:54,-1.2,2.7,2.2,0:02,-86.2,0.0,0.0,3:13,-2.8,0.4,6.7,deshavi01
899,Vincent Iorio,TOT,D,0:40,27,14:25,-3.7,1.5,1.5,0:03,,,,1:15,,0.0,0.0,ioriovi01
900,Vincent Trocheck,NYR,C,0:53,67,15:28,3.4,3.1,3.8,3:04,7.8,11.4,1.7,1:59,0.9,0.9,9.0,trochvi01
901,Vinnie Hinostroza,TOT,C,0:31,65,10:27,-12.0,3.2,4.1,0:28,-17.9,5.4,5.4,0:00,,0.0,0.0,hinosvi01
902,Vladimir Tarasenko,MIN,RW,0:59,75,12:39,-4.8,2.5,3.0,2:16,-3.7,7.4,1.4,0:00,,0.0,0.0,tarasvl01
903,Vladislav Gavrikov,NYR,D,0:44,82,20:03,1.7,2.4,2.7,1:01,-5.3,7.8,1.4,2:38,-0.2,1.1,6.9,gavrivl01
904,Vladislav Kolyachonok,TOT,D,0:35,13,12:12,-13.5,0.0,2.5,0:00,,,,0:19,,0.0,0.0,kolyavl01
905,Vladislav Namestnikov,WPG,C,0:43,60,11:37,0.1,1.5,2.7,1:28,5.3,3.4,0.0,0:41,2.7,0.0,8.7,namesvl01
906,Walker Duehr,WPG,F,0:33,3,9:24,-7.5,0.0,2.1,0:00,,,,0:06,-4.2,0.0,0.0,duehrwa01
907,Warren Foegele,TOT,LW,0:50,68,12:07,-3.3,1.6,2.3,0:36,9.4,0.0,0.0,1:01,-3.3,0.9,7.1,foegewa01
908,Will Smith,SJS,C,1:04,69,14:48,3.6,3.3,2.9,3:18,2.5,8.2,1.8,0:03,41.9,0.0,0.0,smithwi01
909,William Borgen,NYR,D,0:35,75,15:47,-5.0,2.4,2.4,0:01,13.0,25.2,0.0,2:12,-0.9,1.4,8.7,borgewi01
910,William Carrier,CAR,LW,0:36,70,10:40,-0.5,2.8,2.4,0:01,11.4,0.0,0.0,0:02,17.4,0.0,0.0,carriwi01
911,William Cuylle,NYR,LW,0:46,82,13:49,1.4,2.5,3.0,1:27,-0.8,6.0,2.0,1:34,-1.0,0.5,6.1,cuyllwi01
912,William Eklund,SJS,LW,0:40,78,15:12,6.3,3.0,4.2,2:54,5.2,7.9,1.6,0:25,6.6,0.0,9.1,eklunwi01
913,William Karlsson,VEG,C,0:44,14,12:48,1.5,1.7,2.0,0:59,-10.1,4.3,4.3,1:20,-6.8,3.2,9.6,karlswi01
914,William Nylander,TOR,C,0:44,65,16:31,6.1,4.0,4.5,2:48,1.6,9.5,2.0,0:05,-10.5,0.0,10.7,nylanwi01
915,William Stromgren,CGY,LW,0:42,3,7:17,-16.6,0.0,2.7,0:00,,,,0:00,,,,stromwi01
916,William Villeneuve,TOR,D,0:44,3,17:19,3.0,1.2,0.0,0:00,,,,0:00,,,,villewi01
917,Wilmer Skoog,FLA,F,0:41,3,14:06,-7.1,4.3,0.0,0:37,-6.7,0.0,0.0,0:18,-8.7,0.0,0.0,skoogwi01
918,Wyatt Johnston,DAL,C,0:53,82,16:06,-2.1,3.0,3.0,3:30,1.7,12.5,1.2,0:29,-3.7,0.0,13.1,johnswy01
919,Wyatt Kaiser,CHI,D,0:33,77,17:38,-1.2,2.4,3.1,0:04,13.4,0.0,0.0,1:53,1.5,0.4,5.8,kaisewy01
920,Xavier Bourgault,OTT,C,0:42,2,5:57,16.2,5.0,10.1,0:00,,,,0:00,,,,bourgxa01
921,Xavier Parent,NJD,F,0:43,5,8:33,-13.4,1.4,2.8,0:00,,0.0,0.0,0:00,-3.8,,,parenxa01
922,Yakov Trenin,MIN,C,0:52,82,11:50,-3.2,2.7,2.0,0:05,1.6,16.0,0.0,1:21,0.3,0.5,6.5,treniya01
923,Yan Kuznetsov,CGY,D,0:54,57,18:16,-1.5,2.0,2.8,0:03,13.5,0.0,0.0,1:45,6.1,3.0,4.8,kuzneya01
924,Yanni Gourde,TBL,C,0:38,82,14:08,-1.3,2.1,2.4,0:11,-9.3,0.0,0.0,2:02,4.3,0.0,6.1,gourdya01
925,Yegor Sharangovich,CGY,C,0:45,78,13:29,1.2,2.2,3.2,1:34,0.4,5.8,1.5,0:58,3.2,0.8,5.5,sharaye01
926,Zach Aston-Reese,CBJ,C,0:42,27,9:05,-4.4,1.5,1.7,0:02,10.8,0.0,0.0,0:36,-12.4,0.0,7.3,astonza01
927,Zach Benson,BUF,LW,0:55,65,13:13,4.6,4.0,2.2,1:43,0.2,6.9,0.5,0:56,10.4,2.0,5.9,bensoza01
928,Zach Bogosian,MIN,D,0:39,41,13:44,-2.6,2.8,1.9,0:02,9.4,0.0,0.0,0:45,-3.6,0.0,7.7,bogosza01
929,Zach Hyman,EDM,LW,1:23,58,16:19,3.5,4.3,3.4,3:36,-0.7,13.2,0.6,0:02,9.1,0.0,28.3,hymanza01
930,Zach Metsa,BUF,D,0:41,43,10:37,-3.0,3.2,1.2,0:02,13.2,0.0,0.0,0:18,-2.3,4.5,4.5,metsaza01
931,Zach Werenski,CBJ,D,0:56,75,22:21,4.9,3.4,3.1,3:02,-4.8,7.6,1.1,1:13,7.5,1.3,8.5,werenza01
932,Zach Whitecloud,TOT,D,0:43,78,17:59,-0.3,2.1,2.0,0:04,-9.8,0.0,0.0,2:14,-0.5,0.6,8.3,whiteza01
933,Zachary Bolduc,MTL,C,0:44,78,12:01,0.8,2.4,2.6,1:35,-3.2,6.3,1.4,0:00,,0.0,0.0,bolduza01
934,Zachary L'Heureux,NSH,LW,0:36,25,11:05,-0.3,1.7,1.1,0:26,-9.7,5.4,0.0,1:50,-9.7,0.0,5.2,lheurza01
935,Zack MacEwen,NJD,C,0:45,3,6:20,15.1,0.0,0.0,0:00,,,,0:00,,,,macewza01
936,Zack Ostapchuk,SJS,C,0:37,59,8:54,-4.8,1.6,2.7,0:02,-55.3,0.0,27.7,1:09,-1.0,0.0,9.7,ostapza01
937,Zakhar Bardakov,COL,C,0:28,60,7:04,-2.2,2.4,1.6,0:03,-5.2,0.0,0.0,0:04,-11.5,0.0,25.8,bardaza01
938,Zayne Parekh,CGY,D,0:44,37,14:45,3.2,1.9,2.9,2:21,-8.1,6.2,0.0,0:00,,0.0,0.0,parekza01
939,Zeev Buium,TOT,D,0:46,76,17:14,-0.9,1.6,2.8,2:17,-2.6,8.8,0.0,0:02,,0.0,0.0,buiumze01
940,Zemgus Girgensons,TBL,C,0:34,74,12:47,-4.9,2.0,1.9,0:02,12.7,0.0,0.0,1:55,-2.3,0.0,6.7,girgeze01


Provided by <a href="https://www.sports-reference.com/sharing.html?utm_source=direct&utm_medium=Share&utm_campaign=ShareTool">Hockey-Reference.com</a>: <a href="https://www.hockey-reference.com/leagues/NHL_2026_skaters-time-on-ice.html?sr&utm_source=direct&utm_medium=Share&utm_campaign=ShareTool#stats_toi">View Original Table</a><br>Generated 4/28/2026.
